-- phpMyAdmin SQL Dump
-- version 5.2.0
-- https://www.phpmyadmin.net/
--
-- Host: 127.0.0.1
-- Tempo de geração: 24-Nov-2022 às 03:33
-- Versão do servidor: 10.4.24-MariaDB
-- versão do PHP: 8.1.6

SET SQL_MODE = "NO_AUTO_VALUE_ON_ZERO";
START TRANSACTION;
SET time_zone = "+00:00";


/*!40101 SET @OLD_CHARACTER_SET_CLIENT=@@CHARACTER_SET_CLIENT */;
/*!40101 SET @OLD_CHARACTER_SET_RESULTS=@@CHARACTER_SET_RESULTS */;
/*!40101 SET @OLD_COLLATION_CONNECTION=@@COLLATION_CONNECTION */;
/*!40101 SET NAMES utf8mb4 */;

--
-- Banco de dados: `bancocurriculos_ibdd`
--

DELIMITER $$
--
-- Procedimentos
--
CREATE DEFINER=`root`@`localhost` PROCEDURE `get_ID` (IN `pCPF` VARCHAR(100), OUT `pIDP` INT)   BEGIN
declare vIDP int;
SELECT  IDP INTO vIDP FROM dados WHERE CPF = pCPF;

if pIDP != null   
then
	    
	SET pIDP = vIDP;
ELSE
SET pIDP=0;
end if;
end$$

DELIMITER ;

-- --------------------------------------------------------

--
-- Estrutura da tabela `cidades`
--

CREATE TABLE `cidades` (
  `IDC` int(11) NOT NULL,
  `IDE` int(11) NOT NULL,
  `cidade` varchar(100) NOT NULL
) ENGINE=InnoDB DEFAULT CHARSET=utf8mb4;

--
-- Extraindo dados da tabela `cidades`
--

INSERT INTO `cidades` (`IDC`, `IDE`, `cidade`) VALUES
(1, 8, 'Afonso Cláudio'),
(2, 8, 'Água Doce do Norte'),
(3, 8, 'Águia Branca'),
(4, 8, 'Alegre'),
(5, 8, 'Alfredo Chaves'),
(6, 8, 'Alto Rio Novo'),
(7, 8, 'Anchieta'),
(8, 8, 'Apiacá'),
(9, 8, 'Aracruz'),
(10, 8, 'Atilio Vivacqua'),
(11, 8, 'Baixo Guandu'),
(12, 8, 'Barra de São Francisco'),
(13, 8, 'Boa Esperança'),
(14, 8, 'Bom Jesus do Norte'),
(15, 8, 'Brejetuba'),
(16, 8, 'Cachoeiro de Itapemirim'),
(17, 8, 'Cariacica'),
(18, 8, 'Castelo'),
(19, 8, 'Colatina'),
(20, 8, 'Conceição da Barra'),
(21, 8, 'Conceição do Castelo'),
(22, 8, 'Divino de São Lourenço'),
(23, 8, 'Domingos Martins'),
(24, 8, 'Dores do Rio Preto'),
(25, 8, 'Ecoporanga'),
(26, 8, 'Fundão'),
(27, 8, 'Governador Lindenberg'),
(28, 8, 'Guaçuí'),
(29, 8, 'Guarapari'),
(30, 8, 'Ibatiba'),
(31, 8, 'Ibiraçu'),
(32, 8, 'Ibitirama'),
(33, 8, 'Iconha'),
(34, 8, 'Irupi'),
(35, 8, 'Itaguaçu'),
(36, 8, 'Itapemirim'),
(37, 8, 'Itarana'),
(38, 8, 'Iúna'),
(39, 8, 'Jaguaré'),
(40, 8, 'Jerônimo Monteiro'),
(41, 8, 'João Neiva'),
(42, 8, 'Laranja da Terra'),
(43, 8, 'Linhares'),
(44, 8, 'Mantenópolis'),
(45, 8, 'Marataízes'),
(46, 8, 'Marechal Floriano'),
(47, 8, 'Marilândia'),
(48, 8, 'Mimoso do Sul'),
(49, 8, 'Montanha'),
(50, 8, 'Mucurici'),
(51, 8, 'Muniz Freire'),
(52, 8, 'Muqui'),
(53, 8, 'Nova Venécia'),
(54, 8, 'Pancas'),
(55, 8, 'Pedro Canário'),
(56, 8, 'Pinheiros'),
(57, 8, 'Piúma'),
(58, 8, 'Ponto Belo'),
(59, 8, 'Presidente Kennedy'),
(60, 8, 'Rio Bananal'),
(61, 8, 'Rio Novo do Sul'),
(62, 8, 'Santa Leopoldina'),
(63, 8, 'Santa Maria de Jetibá'),
(64, 8, 'Santa Teresa'),
(65, 8, 'São Domingos do Norte'),
(66, 8, 'São Gabriel da Palha'),
(67, 8, 'São José do Calçado'),
(68, 8, 'São Mateus'),
(69, 8, 'São Roque do Canaã'),
(70, 8, 'Serra'),
(71, 8, 'Sooretama'),
(72, 8, 'Vargem Alta'),
(73, 8, 'Venda Nova do Imigrante'),
(74, 8, 'Viana'),
(75, 8, 'Vila Pavão'),
(76, 8, 'Vila Valério'),
(77, 8, 'Vila Velha'),
(78, 8, 'Vitória'),
(79, 1, 'Acrelândia'),
(80, 1, 'Assis Brasil'),
(81, 1, 'Brasiléia'),
(82, 1, 'Bujari'),
(83, 1, 'Capixaba'),
(84, 1, 'Cruzeiro do Sul'),
(85, 1, 'Epitaciolândia'),
(86, 1, 'Feijó'),
(87, 1, 'Jordão'),
(88, 1, 'Mâncio Lima'),
(89, 1, 'Manoel Urbano'),
(90, 1, 'Marechal Thaumaturgo'),
(91, 1, 'Plácido de Castro'),
(92, 1, 'Porto Acre'),
(93, 1, 'Porto Walter'),
(94, 1, 'Rio Branco'),
(95, 1, 'Rodrigues Alves'),
(96, 1, 'Santa Rosa do Purus'),
(97, 1, 'Sena Madureira'),
(98, 1, 'Senador Guiomard'),
(99, 1, 'Tarauacá'),
(100, 1, 'Xapuri'),
(101, 2, 'Água Branca'),
(102, 2, 'Anadia'),
(103, 2, 'Arapiraca'),
(104, 2, 'Atalaia'),
(105, 2, 'Barra de Santo Antônio'),
(106, 2, 'Barra de São Miguel'),
(107, 2, 'Batalha'),
(108, 2, 'Belém'),
(109, 2, 'Belo Monte'),
(110, 2, 'Boca da Mata'),
(111, 2, 'Branquinha'),
(112, 2, 'Cacimbinhas'),
(113, 2, 'Cajueiro'),
(114, 2, 'Campestre'),
(115, 2, 'Campo Alegre'),
(116, 2, 'Campo Grande'),
(117, 2, 'Canapi'),
(118, 2, 'Capela'),
(119, 2, 'Carneiros'),
(120, 2, 'Chã Preta'),
(121, 2, 'Coité do Nóia'),
(122, 2, 'Colônia Leopoldina'),
(123, 2, 'Coqueiro Seco'),
(124, 2, 'Coruripe'),
(125, 2, 'Craíbas'),
(126, 2, 'Delmiro Gouveia'),
(127, 2, 'Dois Riachos'),
(128, 2, 'Estrela de Alagoas'),
(129, 2, 'Feira Grande'),
(130, 2, 'Feliz Deserto'),
(131, 2, 'Flexeiras'),
(132, 2, 'Girau do Ponciano'),
(133, 2, 'Ibateguara'),
(134, 2, 'Igaci'),
(135, 2, 'Igreja Nova'),
(136, 2, 'Inhapi'),
(137, 2, 'Jacaré dos Homens'),
(138, 2, 'Jacuípe'),
(139, 2, 'Japaratinga'),
(140, 2, 'Jaramataia'),
(141, 2, 'Jequiá da Praia'),
(142, 2, 'Joaquim Gomes'),
(143, 2, 'Jundiá'),
(144, 2, 'Junqueiro'),
(145, 2, 'Lagoa da Canoa'),
(146, 2, 'Limoeiro de Anadia'),
(147, 2, 'Maceió'),
(148, 2, 'Major Isidoro'),
(149, 2, 'Mar Vermelho'),
(150, 2, 'Maragogi'),
(151, 2, 'Maravilha'),
(152, 2, 'Marechal Deodoro'),
(153, 2, 'Maribondo'),
(154, 2, 'Mata Grande'),
(155, 2, 'Matriz de Camaragibe'),
(156, 2, 'Messias'),
(157, 2, 'Minador do Negrão'),
(158, 2, 'Monteirópolis'),
(159, 2, 'Murici'),
(160, 2, 'Novo Lino'),
(161, 2, 'Olho dÁgua das Flores'),
(162, 2, 'Olho dÁgua do Casado'),
(163, 2, 'Olho dÁgua Grande'),
(164, 2, 'Olivença'),
(165, 2, 'Ouro Branco'),
(166, 2, 'Palestina'),
(167, 2, 'Palmeira dos Índios'),
(168, 2, 'Pão de Açúcar'),
(169, 2, 'Pariconha'),
(170, 2, 'Paripueira'),
(171, 2, 'Passo de Camaragibe'),
(172, 2, 'Paulo Jacinto'),
(173, 2, 'Penedo'),
(174, 2, 'Piaçabuçu'),
(175, 2, 'Pilar'),
(176, 2, 'Pindoba'),
(177, 2, 'Piranhas'),
(178, 2, 'Poço das Trincheiras'),
(179, 2, 'Porto Calvo'),
(180, 2, 'Porto de Pedras'),
(181, 2, 'Porto Real do Colégio'),
(182, 2, 'Quebrangulo'),
(183, 2, 'Rio Largo'),
(184, 2, 'Roteiro'),
(185, 2, 'Santa Luzia do Norte'),
(186, 2, 'Santana do Ipanema'),
(187, 2, 'Santana do Mundaú'),
(188, 2, 'São Brás'),
(189, 2, 'São José da Laje'),
(190, 2, 'São José da Tapera'),
(191, 2, 'São Luís do Quitunde'),
(192, 2, 'São Miguel dos Campos'),
(193, 2, 'São Miguel dos Milagres'),
(194, 2, 'São Sebastião'),
(195, 2, 'Satuba'),
(196, 2, 'Senador Rui Palmeira'),
(197, 2, 'Tanque dArca'),
(198, 2, 'Taquarana'),
(199, 2, 'Teotônio Vilela'),
(200, 2, 'Traipu'),
(201, 2, 'União dos Palmares'),
(202, 2, 'Viçosa'),
(203, 4, 'Amapá'),
(204, 4, 'Calçoene'),
(205, 4, 'Cutias'),
(206, 4, 'Ferreira Gomes'),
(207, 4, 'Itaubal'),
(208, 4, 'Laranjal do Jari'),
(209, 4, 'Macapá'),
(210, 4, 'Mazagão'),
(211, 4, 'Oiapoque'),
(212, 4, 'Pedra Branca do Amaparí'),
(213, 4, 'Porto Grande'),
(214, 4, 'Pracuúba'),
(215, 4, 'Santana'),
(216, 4, 'Serra do Navio'),
(217, 4, 'Tartarugalzinho'),
(218, 4, 'Vitória do Jari'),
(219, 3, 'Alvarães'),
(220, 3, 'Amaturá'),
(221, 3, 'Anamã'),
(222, 3, 'Anori'),
(223, 3, 'Apuí'),
(224, 3, 'Atalaia do Norte'),
(225, 3, 'Autazes'),
(226, 3, 'Barcelos'),
(227, 3, 'Barreirinha'),
(228, 3, 'Benjamin Constant'),
(229, 3, 'Beruri'),
(230, 3, 'Boa Vista do Ramos'),
(231, 3, 'Boca do Acre'),
(232, 3, 'Borba'),
(233, 3, 'Caapiranga'),
(234, 3, 'Canutama'),
(235, 3, 'Carauari'),
(236, 3, 'Careiro'),
(237, 3, 'Careiro da Várzea'),
(238, 3, 'Coari'),
(239, 3, 'Codajás'),
(240, 3, 'Eirunepé'),
(241, 3, 'Envira'),
(242, 3, 'Fonte Boa'),
(243, 3, 'Guajará'),
(244, 3, 'Humaitá'),
(245, 3, 'Ipixuna'),
(246, 3, 'Iranduba'),
(247, 3, 'Itacoatiara'),
(248, 3, 'Itamarati'),
(249, 3, 'Itapiranga'),
(250, 3, 'Japurá'),
(251, 3, 'Juruá'),
(252, 3, 'Jutaí'),
(253, 3, 'Lábrea'),
(254, 3, 'Manacapuru'),
(255, 3, 'Manaquiri'),
(256, 3, 'Manaus'),
(257, 3, 'Manicoré'),
(258, 3, 'Maraã'),
(259, 3, 'Maués'),
(260, 3, 'Nhamundá'),
(261, 3, 'Nova Olinda do Norte'),
(262, 3, 'Novo Airão'),
(263, 3, 'Novo Aripuanã'),
(264, 3, 'Parintins'),
(265, 3, 'Pauini'),
(266, 3, 'Presidente Figueiredo'),
(267, 3, 'Rio Preto da Eva'),
(268, 3, 'Santa Isabel do Rio Negro'),
(269, 3, 'Santo Antônio do Içá'),
(270, 3, 'São Gabriel da Cachoeira'),
(271, 3, 'São Paulo de Olivença'),
(272, 3, 'São Sebastião do Uatumã'),
(273, 3, 'Silves'),
(274, 3, 'Tabatinga'),
(275, 3, 'Tapauá'),
(276, 3, 'Tefé'),
(277, 3, 'Tonantins'),
(278, 3, 'Uarini'),
(279, 3, 'Urucará'),
(280, 3, 'Urucurituba'),
(281, 5, 'Abaíra'),
(282, 5, 'Abaré'),
(283, 5, 'Acajutiba'),
(284, 5, 'Adustina'),
(285, 5, 'Água Fria'),
(286, 5, 'Aiquara'),
(287, 5, 'Alagoinhas'),
(288, 5, 'Alcobaça'),
(289, 5, 'Almadina'),
(290, 5, 'Amargosa'),
(291, 5, 'Amélia Rodrigues'),
(292, 5, 'América Dourada'),
(293, 5, 'Anagé'),
(294, 5, 'Andaraí'),
(295, 5, 'Andorinha'),
(296, 5, 'Angical'),
(297, 5, 'Anguera'),
(298, 5, 'Antas'),
(299, 5, 'Antônio Cardoso'),
(300, 5, 'Antônio Gonçalves'),
(301, 5, 'Aporá'),
(302, 5, 'Apuarema'),
(303, 5, 'Araças'),
(304, 5, 'Aracatu'),
(305, 5, 'Araci'),
(306, 5, 'Aramari'),
(307, 5, 'Arataca'),
(308, 5, 'Aratuípe'),
(309, 5, 'Aurelino Leal'),
(310, 5, 'Baianópolis'),
(311, 5, 'Baixa Grande'),
(312, 5, 'Banzaê'),
(313, 5, 'Barra'),
(314, 5, 'Barra da Estiva'),
(315, 5, 'Barra do Choça'),
(316, 5, 'Barra do Mendes'),
(317, 5, 'Barra do Rocha'),
(318, 5, 'Barreiras'),
(319, 5, 'Barro Alto'),
(320, 5, 'Barro Preto (antigo Gov. Lomanto Jr.)'),
(321, 5, 'Barrocas'),
(322, 5, 'Belmonte'),
(323, 5, 'Belo Campo'),
(324, 5, 'Biritinga'),
(325, 5, 'Boa Nova'),
(326, 5, 'Boa Vista do Tupim'),
(327, 5, 'Bom Jesus da Lapa'),
(328, 5, 'Bom Jesus da Serra'),
(329, 5, 'Boninal'),
(330, 5, 'Bonito'),
(331, 5, 'Boquira'),
(332, 5, 'Botuporã'),
(333, 5, 'Brejões'),
(334, 5, 'Brejolândia'),
(335, 5, 'Brotas de Macaúbas'),
(336, 5, 'Brumado'),
(337, 5, 'Buerarema'),
(338, 5, 'Buritirama'),
(339, 5, 'Caatiba'),
(340, 5, 'Cabaceiras do Paraguaçu'),
(341, 5, 'Cachoeira'),
(342, 5, 'Caculé'),
(343, 5, 'Caém'),
(344, 5, 'Caetanos'),
(345, 5, 'Caetité'),
(346, 5, 'Cafarnaum'),
(347, 5, 'Cairu'),
(348, 5, 'Caldeirão Grande'),
(349, 5, 'Camacan'),
(350, 5, 'Camaçari'),
(351, 5, 'Camamu'),
(352, 5, 'Campo Alegre de Lourdes'),
(353, 5, 'Campo Formoso'),
(354, 5, 'Canápolis'),
(355, 5, 'Canarana'),
(356, 5, 'Canavieiras'),
(357, 5, 'Candeal'),
(358, 5, 'Candeias'),
(359, 5, 'Candiba'),
(360, 5, 'Cândido Sales'),
(361, 5, 'Cansanção'),
(362, 5, 'Canudos'),
(363, 5, 'Capela do Alto Alegre'),
(364, 5, 'Capim Grosso'),
(365, 5, 'Caraíbas'),
(366, 5, 'Caravelas'),
(367, 5, 'Cardeal da Silva'),
(368, 5, 'Carinhanha'),
(369, 5, 'Casa Nova'),
(370, 5, 'Castro Alves'),
(371, 5, 'Catolândia'),
(372, 5, 'Catu'),
(373, 5, 'Caturama'),
(374, 5, 'Central'),
(375, 5, 'Chorrochó'),
(376, 5, 'Cícero Dantas'),
(377, 5, 'Cipó'),
(378, 5, 'Coaraci'),
(379, 5, 'Cocos'),
(380, 5, 'Conceição da Feira'),
(381, 5, 'Conceição do Almeida'),
(382, 5, 'Conceição do Coité'),
(383, 5, 'Conceição do Jacuípe'),
(384, 5, 'Conde'),
(385, 5, 'Condeúba'),
(386, 5, 'Contendas do Sincorá'),
(387, 5, 'Coração de Maria'),
(388, 5, 'Cordeiros'),
(389, 5, 'Coribe'),
(390, 5, 'Coronel João Sá'),
(391, 5, 'Correntina'),
(392, 5, 'Cotegipe'),
(393, 5, 'Cravolândia'),
(394, 5, 'Crisópolis'),
(395, 5, 'Cristópolis'),
(396, 5, 'Cruz das Almas'),
(397, 5, 'Curaçá'),
(398, 5, 'Dário Meira'),
(399, 5, 'Dias dÁvila'),
(400, 5, 'Dom Basílio'),
(401, 5, 'Dom Macedo Costa'),
(402, 5, 'Elísio Medrado'),
(403, 5, 'Encruzilhada'),
(404, 5, 'Entre Rios'),
(405, 5, 'Érico Cardoso'),
(406, 5, 'Esplanada'),
(407, 5, 'Euclides da Cunha'),
(408, 5, 'Eunápolis'),
(409, 5, 'Fátima'),
(410, 5, 'Feira da Mata'),
(411, 5, 'Feira de Santana'),
(412, 5, 'Filadélfia'),
(413, 5, 'Firmino Alves'),
(414, 5, 'Floresta Azul'),
(415, 5, 'Formosa do Rio Preto'),
(416, 5, 'Gandu'),
(417, 5, 'Gavião'),
(418, 5, 'Gentio do Ouro'),
(419, 5, 'Glória'),
(420, 5, 'Gongogi'),
(421, 5, 'Governador Mangabeira'),
(422, 5, 'Guajeru'),
(423, 5, 'Guanambi'),
(424, 5, 'Guaratinga'),
(425, 5, 'Heliópolis'),
(426, 5, 'Iaçu'),
(427, 5, 'Ibiassucê'),
(428, 5, 'Ibicaraí'),
(429, 5, 'Ibicoara'),
(430, 5, 'Ibicuí'),
(431, 5, 'Ibipeba'),
(432, 5, 'Ibipitanga'),
(433, 5, 'Ibiquera'),
(434, 5, 'Ibirapitanga'),
(435, 5, 'Ibirapuã'),
(436, 5, 'Ibirataia'),
(437, 5, 'Ibitiara'),
(438, 5, 'Ibititá'),
(439, 5, 'Ibotirama'),
(440, 5, 'Ichu'),
(441, 5, 'Igaporã'),
(442, 5, 'Igrapiúna'),
(443, 5, 'Iguaí'),
(444, 5, 'Ilhéus'),
(445, 5, 'Inhambupe'),
(446, 5, 'Ipecaetá'),
(447, 5, 'Ipiaú'),
(448, 5, 'Ipirá'),
(449, 5, 'Ipupiara'),
(450, 5, 'Irajuba'),
(451, 5, 'Iramaia'),
(452, 5, 'Iraquara'),
(453, 5, 'Irará'),
(454, 5, 'Irecê'),
(455, 5, 'Itabela'),
(456, 5, 'Itaberaba'),
(457, 5, 'Itabuna'),
(458, 5, 'Itacaré'),
(459, 5, 'Itaeté'),
(460, 5, 'Itagi'),
(461, 5, 'Itagibá'),
(462, 5, 'Itagimirim'),
(463, 5, 'Itaguaçu da Bahia'),
(464, 5, 'Itaju do Colônia'),
(465, 5, 'Itajuípe'),
(466, 5, 'Itamaraju'),
(467, 5, 'Itamari'),
(468, 5, 'Itambé'),
(469, 5, 'Itanagra'),
(470, 5, 'Itanhém'),
(471, 5, 'Itaparica'),
(472, 5, 'Itapé'),
(473, 5, 'Itapebi'),
(474, 5, 'Itapetinga'),
(475, 5, 'Itapicuru'),
(476, 5, 'Itapitanga'),
(477, 5, 'Itaquara'),
(478, 5, 'Itarantim'),
(479, 5, 'Itatim'),
(480, 5, 'Itiruçu'),
(481, 5, 'Itiúba'),
(482, 5, 'Itororó'),
(483, 5, 'Ituaçu'),
(484, 5, 'Ituberá'),
(485, 5, 'Iuiú'),
(486, 5, 'Jaborandi'),
(487, 5, 'Jacaraci'),
(488, 5, 'Jacobina'),
(489, 5, 'Jaguaquara'),
(490, 5, 'Jaguarari'),
(491, 5, 'Jaguaripe'),
(492, 5, 'Jandaíra'),
(493, 5, 'Jequié'),
(494, 5, 'Jeremoabo'),
(495, 5, 'Jiquiriçá'),
(496, 5, 'Jitaúna'),
(497, 5, 'João Dourado'),
(498, 5, 'Juazeiro'),
(499, 5, 'Jucuruçu'),
(500, 5, 'Jussara'),
(501, 5, 'Jussari'),
(502, 5, 'Jussiape'),
(503, 5, 'Lafaiete Coutinho'),
(504, 5, 'Lagoa Real'),
(505, 5, 'Laje'),
(506, 5, 'Lajedão'),
(507, 5, 'Lajedinho'),
(508, 5, 'Lajedo do Tabocal'),
(509, 5, 'Lamarão'),
(510, 5, 'Lapão'),
(511, 5, 'Lauro de Freitas'),
(512, 5, 'Lençóis'),
(513, 5, 'Licínio de Almeida'),
(514, 5, 'Livramento de Nossa Senhora'),
(515, 5, 'Luís Eduardo Magalhães'),
(516, 5, 'Macajuba'),
(517, 5, 'Macarani'),
(518, 5, 'Macaúbas'),
(519, 5, 'Macururé'),
(520, 5, 'Madre de Deus'),
(521, 5, 'Maetinga'),
(522, 5, 'Maiquinique'),
(523, 5, 'Mairi'),
(524, 5, 'Malhada'),
(525, 5, 'Malhada de Pedras'),
(526, 5, 'Manoel Vitorino'),
(527, 5, 'Mansidão'),
(528, 5, 'Maracás'),
(529, 5, 'Maragogipe'),
(530, 5, 'Maraú'),
(531, 5, 'Marcionílio Souza'),
(532, 5, 'Mascote'),
(533, 5, 'Mata de São João'),
(534, 5, 'Matina'),
(535, 5, 'Medeiros Neto'),
(536, 5, 'Miguel Calmon'),
(537, 5, 'Milagres'),
(538, 5, 'Mirangaba'),
(539, 5, 'Mirante'),
(540, 5, 'Monte Santo'),
(541, 5, 'Morpará'),
(542, 5, 'Morro do Chapéu'),
(543, 5, 'Mortugaba'),
(544, 5, 'Mucugê'),
(545, 5, 'Mucuri'),
(546, 5, 'Mulungu do Morro'),
(547, 5, 'Mundo Novo'),
(548, 5, 'Muniz Ferreira'),
(549, 5, 'Muquém de São Francisco'),
(550, 5, 'Muritiba'),
(551, 5, 'Mutuípe'),
(552, 5, 'Nazaré'),
(553, 5, 'Nilo Peçanha'),
(554, 5, 'Nordestina'),
(555, 5, 'Nova Canaã'),
(556, 5, 'Nova Fátima'),
(557, 5, 'Nova Ibiá'),
(558, 5, 'Nova Itarana'),
(559, 5, 'Nova Redenção'),
(560, 5, 'Nova Soure'),
(561, 5, 'Nova Viçosa'),
(562, 5, 'Novo Horizonte'),
(563, 5, 'Novo Triunfo'),
(564, 5, 'Olindina'),
(565, 5, 'Oliveira dos Brejinhos'),
(566, 5, 'Ouriçangas'),
(567, 5, 'Ourolândia'),
(568, 5, 'Palmas de Monte Alto'),
(569, 5, 'Palmeiras'),
(570, 5, 'Paramirim'),
(571, 5, 'Paratinga'),
(572, 5, 'Paripiranga'),
(573, 5, 'Pau Brasil'),
(574, 5, 'Paulo Afonso'),
(575, 5, 'Pé de Serra'),
(576, 5, 'Pedrão'),
(577, 5, 'Pedro Alexandre'),
(578, 5, 'Piatã'),
(579, 5, 'Pilão Arcado'),
(580, 5, 'Pindaí'),
(581, 5, 'Pindobaçu'),
(582, 5, 'Pintadas'),
(583, 5, 'Piraí do Norte'),
(584, 5, 'Piripá'),
(585, 5, 'Piritiba'),
(586, 5, 'Planaltino'),
(587, 5, 'Planalto'),
(588, 5, 'Poções'),
(589, 5, 'Pojuca'),
(590, 5, 'Ponto Novo'),
(591, 5, 'Porto Seguro'),
(592, 5, 'Potiraguá'),
(593, 5, 'Prado'),
(594, 5, 'Presidente Dutra'),
(595, 5, 'Presidente Jânio Quadros'),
(596, 5, 'Presidente Tancredo Neves'),
(597, 5, 'Queimadas'),
(598, 5, 'Quijingue'),
(599, 5, 'Quixabeira'),
(600, 5, 'Rafael Jambeiro'),
(601, 5, 'Remanso'),
(602, 5, 'Retirolândia'),
(603, 5, 'Riachão das Neves'),
(604, 5, 'Riachão do Jacuípe'),
(605, 5, 'Riacho de Santana'),
(606, 5, 'Ribeira do Amparo'),
(607, 5, 'Ribeira do Pombal'),
(608, 5, 'Ribeirão do Largo'),
(609, 5, 'Rio de Contas'),
(610, 5, 'Rio do Antônio'),
(611, 5, 'Rio do Pires'),
(612, 5, 'Rio Real'),
(613, 5, 'Rodelas'),
(614, 5, 'Ruy Barbosa'),
(615, 5, 'Salinas da Margarida'),
(616, 5, 'Salvador'),
(617, 5, 'Santa Bárbara'),
(618, 5, 'Santa Brígida'),
(619, 5, 'Santa Cruz Cabrália'),
(620, 5, 'Santa Cruz da Vitória'),
(621, 5, 'Santa Inês'),
(622, 5, 'Santa Luzia'),
(623, 5, 'Santa Maria da Vitória'),
(624, 5, 'Santa Rita de Cássia'),
(625, 5, 'Santa Teresinha'),
(626, 5, 'Santaluz'),
(627, 5, 'Santana'),
(628, 5, 'Santanópolis'),
(629, 5, 'Santo Amaro'),
(630, 5, 'Santo Antônio de Jesus'),
(631, 5, 'Santo Estêvão'),
(632, 5, 'São Desidério'),
(633, 5, 'São Domingos'),
(634, 5, 'São Felipe'),
(635, 5, 'São Félix'),
(636, 5, 'São Félix do Coribe'),
(637, 5, 'São Francisco do Conde'),
(638, 5, 'São Gabriel'),
(639, 5, 'São Gonçalo dos Campos'),
(640, 5, 'São José da Vitória'),
(641, 5, 'São José do Jacuípe'),
(642, 5, 'São Miguel das Matas'),
(643, 5, 'São Sebastião do Passé'),
(644, 5, 'Sapeaçu'),
(645, 5, 'Sátiro Dias'),
(646, 5, 'Saubara'),
(647, 5, 'Saúde'),
(648, 5, 'Seabra'),
(649, 5, 'Sebastião Laranjeiras'),
(650, 5, 'Senhor do Bonfim'),
(651, 5, 'Sento Sé'),
(652, 5, 'Serra do Ramalho'),
(653, 5, 'Serra Dourada'),
(654, 5, 'Serra Preta'),
(655, 5, 'Serrinha'),
(656, 5, 'Serrolândia'),
(657, 5, 'Simões Filho'),
(658, 5, 'Sítio do Mato'),
(659, 5, 'Sítio do Quinto'),
(660, 5, 'Sobradinho'),
(661, 5, 'Souto Soares'),
(662, 5, 'Tabocas do Brejo Velho'),
(663, 5, 'Tanhaçu'),
(664, 5, 'Tanque Novo'),
(665, 5, 'Tanquinho'),
(666, 5, 'Taperoá'),
(667, 5, 'Tapiramutá'),
(668, 5, 'Teixeira de Freitas'),
(669, 5, 'Teodoro Sampaio'),
(670, 5, 'Teofilândia'),
(671, 5, 'Teolândia'),
(672, 5, 'Terra Nova'),
(673, 5, 'Tremedal'),
(674, 5, 'Tucano'),
(675, 5, 'Uauá'),
(676, 5, 'Ubaíra'),
(677, 5, 'Ubaitaba'),
(678, 5, 'Ubatã'),
(679, 5, 'Uibaí'),
(680, 5, 'Umburanas'),
(681, 5, 'Una'),
(682, 5, 'Urandi'),
(683, 5, 'Uruçuca'),
(684, 5, 'Utinga'),
(685, 5, 'Valença'),
(686, 5, 'Valente'),
(687, 5, 'Várzea da Roça'),
(688, 5, 'Várzea do Poço'),
(689, 5, 'Várzea Nova'),
(690, 5, 'Varzedo'),
(691, 5, 'Vera Cruz'),
(692, 5, 'Vereda'),
(693, 5, 'Vitória da Conquista'),
(694, 5, 'Wagner'),
(695, 5, 'Wanderley'),
(696, 5, 'Wenceslau Guimarães'),
(697, 5, 'Xique-Xique'),
(698, 6, 'Abaiara'),
(699, 6, 'Acarape'),
(700, 6, 'Acaraú'),
(701, 6, 'Acopiara'),
(702, 6, 'Aiuaba'),
(703, 6, 'Alcântaras'),
(704, 6, 'Altaneira'),
(705, 6, 'Alto Santo'),
(706, 6, 'Amontada'),
(707, 6, 'Antonina do Norte'),
(708, 6, 'Apuiarés'),
(709, 6, 'Aquiraz'),
(710, 6, 'Aracati'),
(711, 6, 'Aracoiaba'),
(712, 6, 'Ararendá'),
(713, 6, 'Araripe'),
(714, 6, 'Aratuba'),
(715, 6, 'Arneiroz'),
(716, 6, 'Assaré'),
(717, 6, 'Aurora'),
(718, 6, 'Baixio'),
(719, 6, 'Banabuiú'),
(720, 6, 'Barbalha'),
(721, 6, 'Barreira'),
(722, 6, 'Barro'),
(723, 6, 'Barroquinha'),
(724, 6, 'Baturité'),
(725, 6, 'Beberibe'),
(726, 6, 'Bela Cruz'),
(727, 6, 'Boa Viagem'),
(728, 6, 'Brejo Santo'),
(729, 6, 'Camocim'),
(730, 6, 'Campos Sales'),
(731, 6, 'Canindé'),
(732, 6, 'Capistrano'),
(733, 6, 'Caridade'),
(734, 6, 'Cariré'),
(735, 6, 'Caririaçu'),
(736, 6, 'Cariús'),
(737, 6, 'Carnaubal'),
(738, 6, 'Cascavel'),
(739, 6, 'Catarina'),
(740, 6, 'Catunda'),
(741, 6, 'Caucaia'),
(742, 6, 'Cedro'),
(743, 6, 'Chaval'),
(744, 6, 'Choró'),
(745, 6, 'Chorozinho'),
(746, 6, 'Coreaú'),
(747, 6, 'Crateús'),
(748, 6, 'Crato'),
(749, 6, 'Croatá'),
(750, 6, 'Cruz'),
(751, 6, 'Deputado Irapuan Pinheiro'),
(752, 6, 'Ererê'),
(753, 6, 'Eusébio'),
(754, 6, 'Farias Brito'),
(755, 6, 'Forquilha'),
(756, 6, 'Fortaleza'),
(757, 6, 'Fortim'),
(758, 6, 'Frecheirinha'),
(759, 6, 'General Sampaio'),
(760, 6, 'Graça'),
(761, 6, 'Granja'),
(762, 6, 'Granjeiro'),
(763, 6, 'Groaíras'),
(764, 6, 'Guaiúba'),
(765, 6, 'Guaraciaba do Norte'),
(766, 6, 'Guaramiranga'),
(767, 6, 'Hidrolândia'),
(768, 6, 'Horizonte'),
(769, 6, 'Ibaretama'),
(770, 6, 'Ibiapina'),
(771, 6, 'Ibicuitinga'),
(772, 6, 'Icapuí'),
(773, 6, 'Icó'),
(774, 6, 'Iguatu'),
(775, 6, 'Independência'),
(776, 6, 'Ipaporanga'),
(777, 6, 'Ipaumirim'),
(778, 6, 'Ipu'),
(779, 6, 'Ipueiras'),
(780, 6, 'Iracema'),
(781, 6, 'Irauçuba'),
(782, 6, 'Itaiçaba'),
(783, 6, 'Itaitinga'),
(784, 6, 'Itapagé'),
(785, 6, 'Itapipoca'),
(786, 6, 'Itapiúna'),
(787, 6, 'Itarema'),
(788, 6, 'Itatira'),
(789, 6, 'Jaguaretama'),
(790, 6, 'Jaguaribara'),
(791, 6, 'Jaguaribe'),
(792, 6, 'Jaguaruana'),
(793, 6, 'Jardim'),
(794, 6, 'Jati'),
(795, 6, 'Jijoca de Jericoacoara'),
(796, 6, 'Juazeiro do Norte'),
(797, 6, 'Jucás'),
(798, 6, 'Lavras da Mangabeira'),
(799, 6, 'Limoeiro do Norte'),
(800, 6, 'Madalena'),
(801, 6, 'Maracanaú'),
(802, 6, 'Maranguape'),
(803, 6, 'Marco'),
(804, 6, 'Martinópole'),
(805, 6, 'Massapê'),
(806, 6, 'Mauriti'),
(807, 6, 'Meruoca'),
(808, 6, 'Milagres'),
(809, 6, 'Milhã'),
(810, 6, 'Miraíma'),
(811, 6, 'Missão Velha'),
(812, 6, 'Mombaça'),
(813, 6, 'Monsenhor Tabosa'),
(814, 6, 'Morada Nova'),
(815, 6, 'Moraújo'),
(816, 6, 'Morrinhos'),
(817, 6, 'Mucambo'),
(818, 6, 'Mulungu'),
(819, 6, 'Nova Olinda'),
(820, 6, 'Nova Russas'),
(821, 6, 'Novo Oriente'),
(822, 6, 'Ocara'),
(823, 6, 'Orós'),
(824, 6, 'Pacajus'),
(825, 6, 'Pacatuba'),
(826, 6, 'Pacoti'),
(827, 6, 'Pacujá'),
(828, 6, 'Palhano'),
(829, 6, 'Palmácia'),
(830, 6, 'Paracuru'),
(831, 6, 'Paraipaba'),
(832, 6, 'Parambu'),
(833, 6, 'Paramoti'),
(834, 6, 'Pedra Branca'),
(835, 6, 'Penaforte'),
(836, 6, 'Pentecoste'),
(837, 6, 'Pereiro'),
(838, 6, 'Pindoretama'),
(839, 6, 'Piquet Carneiro'),
(840, 6, 'Pires Ferreira'),
(841, 6, 'Poranga'),
(842, 6, 'Porteiras'),
(843, 6, 'Potengi'),
(844, 6, 'Potiretama'),
(845, 6, 'Quiterianópolis'),
(846, 6, 'Quixadá'),
(847, 6, 'Quixelô'),
(848, 6, 'Quixeramobim'),
(849, 6, 'Quixeré'),
(850, 6, 'Redenção'),
(851, 6, 'Reriutaba'),
(852, 6, 'Russas'),
(853, 6, 'Saboeiro'),
(854, 6, 'Salitre'),
(855, 6, 'Santa Quitéria'),
(856, 6, 'Santana do Acaraú'),
(857, 6, 'Santana do Cariri'),
(858, 6, 'São Benedito'),
(859, 6, 'São Gonçalo do Amarante'),
(860, 6, 'São João do Jaguaribe'),
(861, 6, 'São Luís do Curu'),
(862, 6, 'Senador Pompeu'),
(863, 6, 'Senador Sá'),
(864, 6, 'Sobral'),
(865, 6, 'Solonópole'),
(866, 6, 'Tabuleiro do Norte'),
(867, 6, 'Tamboril'),
(868, 6, 'Tarrafas'),
(869, 6, 'Tauá'),
(870, 6, 'Tejuçuoca'),
(871, 6, 'Tianguá'),
(872, 6, 'Trairi'),
(873, 6, 'Tururu'),
(874, 6, 'Ubajara'),
(875, 6, 'Umari'),
(876, 6, 'Umirim'),
(877, 6, 'Uruburetama'),
(878, 6, 'Uruoca'),
(879, 6, 'Varjota'),
(880, 6, 'Várzea Alegre'),
(881, 6, 'Viçosa do Ceará'),
(882, 7, 'Brasília'),
(883, 9, 'Abadia de Goiás'),
(884, 9, 'Abadiânia'),
(885, 9, 'Acreúna'),
(886, 9, 'Adelândia'),
(887, 9, 'Água Fria de Goiás'),
(888, 9, 'Água Limpa'),
(889, 9, 'Águas Lindas de Goiás'),
(890, 9, 'Alexânia'),
(891, 9, 'Aloândia'),
(892, 9, 'Alto Horizonte'),
(893, 9, 'Alto Paraíso de Goiás'),
(894, 9, 'Alvorada do Norte'),
(895, 9, 'Amaralina'),
(896, 9, 'Americano do Brasil'),
(897, 9, 'Amorinópolis'),
(898, 9, 'Anápolis'),
(899, 9, 'Anhanguera'),
(900, 9, 'Anicuns'),
(901, 9, 'Aparecida de Goiânia'),
(902, 9, 'Aparecida do Rio Doce'),
(903, 9, 'Aporé'),
(904, 9, 'Araçu'),
(905, 9, 'Aragarças'),
(906, 9, 'Aragoiânia'),
(907, 9, 'Araguapaz'),
(908, 9, 'Arenópolis'),
(909, 9, 'Aruanã'),
(910, 9, 'Aurilândia'),
(911, 9, 'Avelinópolis'),
(912, 9, 'Baliza'),
(913, 9, 'Barro Alto'),
(914, 9, 'Bela Vista de Goiás'),
(915, 9, 'Bom Jardim de Goiás'),
(916, 9, 'Bom Jesus de Goiás'),
(917, 9, 'Bonfinópolis'),
(918, 9, 'Bonópolis'),
(919, 9, 'Brazabrantes'),
(920, 9, 'Britânia'),
(921, 9, 'Buriti Alegre'),
(922, 9, 'Buriti de Goiás'),
(923, 9, 'Buritinópolis'),
(924, 9, 'Cabeceiras'),
(925, 9, 'Cachoeira Alta'),
(926, 9, 'Cachoeira de Goiás'),
(927, 9, 'Cachoeira Dourada'),
(928, 9, 'Caçu'),
(929, 9, 'Caiapônia'),
(930, 9, 'Caldas Novas'),
(931, 9, 'Caldazinha'),
(932, 9, 'Campestre de Goiás'),
(933, 9, 'Campinaçu'),
(934, 9, 'Campinorte'),
(935, 9, 'Campo Alegre de Goiás'),
(936, 9, 'Campo Limpo de Goiás'),
(937, 9, 'Campos Belos'),
(938, 9, 'Campos Verdes'),
(939, 9, 'Carmo do Rio Verde'),
(940, 9, 'Castelândia'),
(941, 9, 'Catalão'),
(942, 9, 'Caturaí'),
(943, 9, 'Cavalcante'),
(944, 9, 'Ceres'),
(945, 9, 'Cezarina'),
(946, 9, 'Chapadão do Céu'),
(947, 9, 'Cidade Ocidental'),
(948, 9, 'Cocalzinho de Goiás'),
(949, 9, 'Colinas do Sul'),
(950, 9, 'Córrego do Ouro'),
(951, 9, 'Corumbá de Goiás'),
(952, 9, 'Corumbaíba'),
(953, 9, 'Cristalina'),
(954, 9, 'Cristianópolis'),
(955, 9, 'Crixás'),
(956, 9, 'Cromínia'),
(957, 9, 'Cumari'),
(958, 9, 'Damianópolis'),
(959, 9, 'Damolândia'),
(960, 9, 'Davinópolis'),
(961, 9, 'Diorama'),
(962, 9, 'Divinópolis de Goiás'),
(963, 9, 'Doverlândia'),
(964, 9, 'Edealina'),
(965, 9, 'Edéia'),
(966, 9, 'Estrela do Norte'),
(967, 9, 'Faina'),
(968, 9, 'Fazenda Nova'),
(969, 9, 'Firminópolis'),
(970, 9, 'Flores de Goiás'),
(971, 9, 'Formosa'),
(972, 9, 'Formoso'),
(973, 9, 'Gameleira de Goiás'),
(974, 9, 'Goianápolis'),
(975, 9, 'Goiandira'),
(976, 9, 'Goianésia'),
(977, 9, 'Goiânia'),
(978, 9, 'Goianira'),
(979, 9, 'Goiás'),
(980, 9, 'Goiatuba'),
(981, 9, 'Gouvelândia'),
(982, 9, 'Guapó'),
(983, 9, 'Guaraíta'),
(984, 9, 'Guarani de Goiás'),
(985, 9, 'Guarinos'),
(986, 9, 'Heitoraí'),
(987, 9, 'Hidrolândia'),
(988, 9, 'Hidrolina'),
(989, 9, 'Iaciara'),
(990, 9, 'Inaciolândia'),
(991, 9, 'Indiara'),
(992, 9, 'Inhumas'),
(993, 9, 'Ipameri'),
(994, 9, 'Ipiranga de Goiás'),
(995, 9, 'Iporá'),
(996, 9, 'Israelândia'),
(997, 9, 'Itaberaí'),
(998, 9, 'Itaguari'),
(999, 9, 'Itaguaru'),
(1000, 9, 'Itajá'),
(1001, 9, 'Itapaci'),
(1002, 9, 'Itapirapuã'),
(1003, 9, 'Itapuranga'),
(1004, 9, 'Itarumã'),
(1005, 9, 'Itauçu'),
(1006, 9, 'Itumbiara'),
(1007, 9, 'Ivolândia'),
(1008, 9, 'Jandaia'),
(1009, 9, 'Jaraguá'),
(1010, 9, 'Jataí'),
(1011, 9, 'Jaupaci'),
(1012, 9, 'Jesúpolis'),
(1013, 9, 'Joviânia'),
(1014, 9, 'Jussara'),
(1015, 9, 'Lagoa Santa'),
(1016, 9, 'Leopoldo de Bulhões'),
(1017, 9, 'Luziânia'),
(1018, 9, 'Mairipotaba'),
(1019, 9, 'Mambaí'),
(1020, 9, 'Mara Rosa'),
(1021, 9, 'Marzagão'),
(1022, 9, 'Matrinchã'),
(1023, 9, 'Maurilândia'),
(1024, 9, 'Mimoso de Goiás'),
(1025, 9, 'Minaçu'),
(1026, 9, 'Mineiros'),
(1027, 9, 'Moiporá'),
(1028, 9, 'Monte Alegre de Goiás'),
(1029, 9, 'Montes Claros de Goiás'),
(1030, 9, 'Montividiu'),
(1031, 9, 'Montividiu do Norte'),
(1032, 9, 'Morrinhos'),
(1033, 9, 'Morro Agudo de Goiás'),
(1034, 9, 'Mossâmedes'),
(1035, 9, 'Mozarlândia'),
(1036, 9, 'Mundo Novo'),
(1037, 9, 'Mutunópolis'),
(1038, 9, 'Nazário'),
(1039, 9, 'Nerópolis'),
(1040, 9, 'Niquelândia'),
(1041, 9, 'Nova América'),
(1042, 9, 'Nova Aurora'),
(1043, 9, 'Nova Crixás'),
(1044, 9, 'Nova Glória'),
(1045, 9, 'Nova Iguaçu de Goiás'),
(1046, 9, 'Nova Roma'),
(1047, 9, 'Nova Veneza'),
(1048, 9, 'Novo Brasil'),
(1049, 9, 'Novo Gama'),
(1050, 9, 'Novo Planalto'),
(1051, 9, 'Orizona'),
(1052, 9, 'Ouro Verde de Goiás'),
(1053, 9, 'Ouvidor'),
(1054, 9, 'Padre Bernardo'),
(1055, 9, 'Palestina de Goiás'),
(1056, 9, 'Palmeiras de Goiás'),
(1057, 9, 'Palmelo'),
(1058, 9, 'Palminópolis'),
(1059, 9, 'Panamá'),
(1060, 9, 'Paranaiguara'),
(1061, 9, 'Paraúna'),
(1062, 9, 'Perolândia'),
(1063, 9, 'Petrolina de Goiás'),
(1064, 9, 'Pilar de Goiás'),
(1065, 9, 'Piracanjuba'),
(1066, 9, 'Piranhas'),
(1067, 9, 'Pirenópolis'),
(1068, 9, 'Pires do Rio'),
(1069, 9, 'Planaltina'),
(1070, 9, 'Pontalina'),
(1071, 9, 'Porangatu'),
(1072, 9, 'Porteirão'),
(1073, 9, 'Portelândia'),
(1074, 9, 'Posse'),
(1075, 9, 'Professor Jamil'),
(1076, 9, 'Quirinópolis'),
(1077, 9, 'Rialma'),
(1078, 9, 'Rianápolis'),
(1079, 9, 'Rio Quente'),
(1080, 9, 'Rio Verde'),
(1081, 9, 'Rubiataba'),
(1082, 9, 'Sanclerlândia'),
(1083, 9, 'Santa Bárbara de Goiás'),
(1084, 9, 'Santa Cruz de Goiás'),
(1085, 9, 'Santa Fé de Goiás'),
(1086, 9, 'Santa Helena de Goiás'),
(1087, 9, 'Santa Isabel'),
(1088, 9, 'Santa Rita do Araguaia'),
(1089, 9, 'Santa Rita do Novo Destino'),
(1090, 9, 'Santa Rosa de Goiás'),
(1091, 9, 'Santa Tereza de Goiás'),
(1092, 9, 'Santa Terezinha de Goiás'),
(1093, 9, 'Santo Antônio da Barra'),
(1094, 9, 'Santo Antônio de Goiás'),
(1095, 9, 'Santo Antônio do Descoberto'),
(1096, 9, 'São Domingos'),
(1097, 9, 'São Francisco de Goiás'),
(1098, 9, 'São João dAliança'),
(1099, 9, 'São João da Paraúna'),
(1100, 9, 'São Luís de Montes Belos'),
(1101, 9, 'São Luíz do Norte'),
(1102, 9, 'São Miguel do Araguaia'),
(1103, 9, 'São Miguel do Passa Quatro'),
(1104, 9, 'São Patrício'),
(1105, 9, 'São Simão'),
(1106, 9, 'Senador Canedo'),
(1107, 9, 'Serranópolis'),
(1108, 9, 'Silvânia'),
(1109, 9, 'Simolândia'),
(1110, 9, 'Sítio dAbadia'),
(1111, 9, 'Taquaral de Goiás'),
(1112, 9, 'Teresina de Goiás'),
(1113, 9, 'Terezópolis de Goiás'),
(1114, 9, 'Três Ranchos'),
(1115, 9, 'Trindade'),
(1116, 9, 'Trombas'),
(1117, 9, 'Turvânia'),
(1118, 9, 'Turvelândia'),
(1119, 9, 'Uirapuru'),
(1120, 9, 'Uruaçu'),
(1121, 9, 'Uruana'),
(1122, 9, 'Urutaí'),
(1123, 9, 'Valparaíso de Goiás'),
(1124, 9, 'Varjão'),
(1125, 9, 'Vianópolis'),
(1126, 9, 'Vicentinópolis'),
(1127, 9, 'Vila Boa'),
(1128, 9, 'Vila Propício'),
(1129, 10, 'Açailândia'),
(1130, 10, 'Afonso Cunha'),
(1131, 10, 'Água Doce do Maranhão'),
(1132, 10, 'Alcântara'),
(1133, 10, 'Aldeias Altas'),
(1134, 10, 'Altamira do Maranhão'),
(1135, 10, 'Alto Alegre do Maranhão'),
(1136, 10, 'Alto Alegre do Pindaré'),
(1137, 10, 'Alto Parnaíba'),
(1138, 10, 'Amapá do Maranhão'),
(1139, 10, 'Amarante do Maranhão'),
(1140, 10, 'Anajatuba'),
(1141, 10, 'Anapurus'),
(1142, 10, 'Apicum-Açu'),
(1143, 10, 'Araguanã'),
(1144, 10, 'Araioses'),
(1145, 10, 'Arame'),
(1146, 10, 'Arari'),
(1147, 10, 'Axixá'),
(1148, 10, 'Bacabal'),
(1149, 10, 'Bacabeira'),
(1150, 10, 'Bacuri'),
(1151, 10, 'Bacurituba'),
(1152, 10, 'Balsas'),
(1153, 10, 'Barão de Grajaú'),
(1154, 10, 'Barra do Corda'),
(1155, 10, 'Barreirinhas'),
(1156, 10, 'Bela Vista do Maranhão'),
(1157, 10, 'Belágua'),
(1158, 10, 'Benedito Leite'),
(1159, 10, 'Bequimão'),
(1160, 10, 'Bernardo do Mearim'),
(1161, 10, 'Boa Vista do Gurupi'),
(1162, 10, 'Bom Jardim'),
(1163, 10, 'Bom Jesus das Selvas'),
(1164, 10, 'Bom Lugar'),
(1165, 10, 'Brejo'),
(1166, 10, 'Brejo de Areia'),
(1167, 10, 'Buriti'),
(1168, 10, 'Buriti Bravo'),
(1169, 10, 'Buriticupu'),
(1170, 10, 'Buritirana'),
(1171, 10, 'Cachoeira Grande'),
(1172, 10, 'Cajapió'),
(1173, 10, 'Cajari'),
(1174, 10, 'Campestre do Maranhão'),
(1175, 10, 'Cândido Mendes'),
(1176, 10, 'Cantanhede'),
(1177, 10, 'Capinzal do Norte'),
(1178, 10, 'Carolina'),
(1179, 10, 'Carutapera'),
(1180, 10, 'Caxias'),
(1181, 10, 'Cedral'),
(1182, 10, 'Central do Maranhão'),
(1183, 10, 'Centro do Guilherme'),
(1184, 10, 'Centro Novo do Maranhão'),
(1185, 10, 'Chapadinha'),
(1186, 10, 'Cidelândia'),
(1187, 10, 'Codó'),
(1188, 10, 'Coelho Neto'),
(1189, 10, 'Colinas'),
(1190, 10, 'Conceição do Lago-Açu'),
(1191, 10, 'Coroatá'),
(1192, 10, 'Cururupu'),
(1193, 10, 'Davinópolis'),
(1194, 10, 'Dom Pedro'),
(1195, 10, 'Duque Bacelar'),
(1196, 10, 'Esperantinópolis'),
(1197, 10, 'Estreito'),
(1198, 10, 'Feira Nova do Maranhão'),
(1199, 10, 'Fernando Falcão'),
(1200, 10, 'Formosa da Serra Negra'),
(1201, 10, 'Fortaleza dos Nogueiras'),
(1202, 10, 'Fortuna'),
(1203, 10, 'Godofredo Viana'),
(1204, 10, 'Gonçalves Dias'),
(1205, 10, 'Governador Archer'),
(1206, 10, 'Governador Edison Lobão'),
(1207, 10, 'Governador Eugênio Barros'),
(1208, 10, 'Governador Luiz Rocha'),
(1209, 10, 'Governador Newton Bello'),
(1210, 10, 'Governador Nunes Freire'),
(1211, 10, 'Graça Aranha'),
(1212, 10, 'Grajaú'),
(1213, 10, 'Guimarães'),
(1214, 10, 'Humberto de Campos'),
(1215, 10, 'Icatu'),
(1216, 10, 'Igarapé do Meio'),
(1217, 10, 'Igarapé Grande'),
(1218, 10, 'Imperatriz'),
(1219, 10, 'Itaipava do Grajaú'),
(1220, 10, 'Itapecuru Mirim'),
(1221, 10, 'Itinga do Maranhão'),
(1222, 10, 'Jatobá'),
(1223, 10, 'Jenipapo dos Vieiras'),
(1224, 10, 'João Lisboa'),
(1225, 10, 'Joselândia'),
(1226, 10, 'Junco do Maranhão'),
(1227, 10, 'Lago da Pedra'),
(1228, 10, 'Lago do Junco'),
(1229, 10, 'Lago dos Rodrigues'),
(1230, 10, 'Lago Verde'),
(1231, 10, 'Lagoa do Mato'),
(1232, 10, 'Lagoa Grande do Maranhão'),
(1233, 10, 'Lajeado Novo'),
(1234, 10, 'Lima Campos'),
(1235, 10, 'Loreto'),
(1236, 10, 'Luís Domingues'),
(1237, 10, 'Magalhães de Almeida'),
(1238, 10, 'Maracaçumé'),
(1239, 10, 'Marajá do Sena'),
(1240, 10, 'Maranhãozinho'),
(1241, 10, 'Mata Roma'),
(1242, 10, 'Matinha'),
(1243, 10, 'Matões'),
(1244, 10, 'Matões do Norte'),
(1245, 10, 'Milagres do Maranhão'),
(1246, 10, 'Mirador'),
(1247, 10, 'Miranda do Norte'),
(1248, 10, 'Mirinzal'),
(1249, 10, 'Monção'),
(1250, 10, 'Montes Altos'),
(1251, 10, 'Morros'),
(1252, 10, 'Nina Rodrigues'),
(1253, 10, 'Nova Colinas'),
(1254, 10, 'Nova Iorque'),
(1255, 10, 'Nova Olinda do Maranhão'),
(1256, 10, 'Olho dÁgua das Cunhãs'),
(1257, 10, 'Olinda Nova do Maranhão'),
(1258, 10, 'Paço do Lumiar'),
(1259, 10, 'Palmeirândia'),
(1260, 10, 'Paraibano'),
(1261, 10, 'Parnarama'),
(1262, 10, 'Passagem Franca'),
(1263, 10, 'Pastos Bons'),
(1264, 10, 'Paulino Neves'),
(1265, 10, 'Paulo Ramos'),
(1266, 10, 'Pedreiras'),
(1267, 10, 'Pedro do Rosário'),
(1268, 10, 'Penalva'),
(1269, 10, 'Peri Mirim'),
(1270, 10, 'Peritoró'),
(1271, 10, 'Pindaré-Mirim'),
(1272, 10, 'Pinheiro'),
(1273, 10, 'Pio XII'),
(1274, 10, 'Pirapemas'),
(1275, 10, 'Poção de Pedras'),
(1276, 10, 'Porto Franco'),
(1277, 10, 'Porto Rico do Maranhão'),
(1278, 10, 'Presidente Dutra'),
(1279, 10, 'Presidente Juscelino'),
(1280, 10, 'Presidente Médici'),
(1281, 10, 'Presidente Sarney'),
(1282, 10, 'Presidente Vargas'),
(1283, 10, 'Primeira Cruz'),
(1284, 10, 'Raposa'),
(1285, 10, 'Riachão'),
(1286, 10, 'Ribamar Fiquene'),
(1287, 10, 'Rosário'),
(1288, 10, 'Sambaíba'),
(1289, 10, 'Santa Filomena do Maranhão'),
(1290, 10, 'Santa Helena'),
(1291, 10, 'Santa Inês'),
(1292, 10, 'Santa Luzia'),
(1293, 10, 'Santa Luzia do Paruá'),
(1294, 10, 'Santa Quitéria do Maranhão'),
(1295, 10, 'Santa Rita'),
(1296, 10, 'Santana do Maranhão'),
(1297, 10, 'Santo Amaro do Maranhão'),
(1298, 10, 'Santo Antônio dos Lopes'),
(1299, 10, 'São Benedito do Rio Preto'),
(1300, 10, 'São Bento'),
(1301, 10, 'São Bernardo'),
(1302, 10, 'São Domingos do Azeitão'),
(1303, 10, 'São Domingos do Maranhão'),
(1304, 10, 'São Félix de Balsas'),
(1305, 10, 'São Francisco do Brejão'),
(1306, 10, 'São Francisco do Maranhão'),
(1307, 10, 'São João Batista'),
(1308, 10, 'São João do Carú'),
(1309, 10, 'São João do Paraíso'),
(1310, 10, 'São João do Soter'),
(1311, 10, 'São João dos Patos'),
(1312, 10, 'São José de Ribamar'),
(1313, 10, 'São José dos Basílios'),
(1314, 10, 'São Luís'),
(1315, 10, 'São Luís Gonzaga do Maranhão'),
(1316, 10, 'São Mateus do Maranhão'),
(1317, 10, 'São Pedro da Água Branca'),
(1318, 10, 'São Pedro dos Crentes'),
(1319, 10, 'São Raimundo das Mangabeiras'),
(1320, 10, 'São Raimundo do Doca Bezerra'),
(1321, 10, 'São Roberto'),
(1322, 10, 'São Vicente Ferrer'),
(1323, 10, 'Satubinha'),
(1324, 10, 'Senador Alexandre Costa'),
(1325, 10, 'Senador La Rocque'),
(1326, 10, 'Serrano do Maranhão'),
(1327, 10, 'Sítio Novo'),
(1328, 10, 'Sucupira do Norte'),
(1329, 10, 'Sucupira do Riachão'),
(1330, 10, 'Tasso Fragoso'),
(1331, 10, 'Timbiras'),
(1332, 10, 'Timon'),
(1333, 10, 'Trizidela do Vale'),
(1334, 10, 'Tufilândia'),
(1335, 10, 'Tuntum'),
(1336, 10, 'Turiaçu'),
(1337, 10, 'Turilândia'),
(1338, 10, 'Tutóia'),
(1339, 10, 'Urbano Santos'),
(1340, 10, 'Vargem Grande'),
(1341, 10, 'Viana'),
(1342, 10, 'Vila Nova dos Martírios'),
(1343, 10, 'Vitória do Mearim'),
(1344, 10, 'Vitorino Freire'),
(1345, 10, 'Zé Doca'),
(1346, 13, 'Acorizal'),
(1347, 13, 'Água Boa'),
(1348, 13, 'Alta Floresta'),
(1349, 13, 'Alto Araguaia'),
(1350, 13, 'Alto Boa Vista'),
(1351, 13, 'Alto Garças'),
(1352, 13, 'Alto Paraguai'),
(1353, 13, 'Alto Taquari'),
(1354, 13, 'Apiacás'),
(1355, 13, 'Araguaiana'),
(1356, 13, 'Araguainha'),
(1357, 13, 'Araputanga'),
(1358, 13, 'Arenápolis'),
(1359, 13, 'Aripuanã'),
(1360, 13, 'Barão de Melgaço'),
(1361, 13, 'Barra do Bugres'),
(1362, 13, 'Barra do Garças'),
(1363, 13, 'Bom Jesus do Araguaia'),
(1364, 13, 'Brasnorte'),
(1365, 13, 'Cáceres'),
(1366, 13, 'Campinápolis'),
(1367, 13, 'Campo Novo do Parecis'),
(1368, 13, 'Campo Verde'),
(1369, 13, 'Campos de Júlio'),
(1370, 13, 'Canabrava do Norte'),
(1371, 13, 'Canarana'),
(1372, 13, 'Carlinda'),
(1373, 13, 'Castanheira'),
(1374, 13, 'Chapada dos Guimarães'),
(1375, 13, 'Cláudia'),
(1376, 13, 'Cocalinho'),
(1377, 13, 'Colíder'),
(1378, 13, 'Colniza'),
(1379, 13, 'Comodoro'),
(1380, 13, 'Confresa'),
(1381, 13, 'Conquista dOeste'),
(1382, 13, 'Cotriguaçu'),
(1383, 13, 'Cuiabá'),
(1384, 13, 'Curvelândia'),
(1385, 13, 'Curvelândia'),
(1386, 13, 'Denise'),
(1387, 13, 'Diamantino'),
(1388, 13, 'Dom Aquino'),
(1389, 13, 'Feliz Natal'),
(1390, 13, 'Figueirópolis dOeste'),
(1391, 13, 'Gaúcha do Norte'),
(1392, 13, 'General Carneiro'),
(1393, 13, 'Glória dOeste'),
(1394, 13, 'Guarantã do Norte'),
(1395, 13, 'Guiratinga'),
(1396, 13, 'Indiavaí'),
(1397, 13, 'Ipiranga do Norte'),
(1398, 13, 'Itanhangá'),
(1399, 13, 'Itaúba'),
(1400, 13, 'Itiquira'),
(1401, 13, 'Jaciara'),
(1402, 13, 'Jangada'),
(1403, 13, 'Jauru'),
(1404, 13, 'Juara'),
(1405, 13, 'Juína'),
(1406, 13, 'Juruena'),
(1407, 13, 'Juscimeira'),
(1408, 13, 'Lambari dOeste'),
(1409, 13, 'Lucas do Rio Verde'),
(1410, 13, 'Luciára'),
(1411, 13, 'Marcelândia'),
(1412, 13, 'Matupá'),
(1413, 13, 'Mirassol dOeste'),
(1414, 13, 'Nobres'),
(1415, 13, 'Nortelândia'),
(1416, 13, 'Nossa Senhora do Livramento'),
(1417, 13, 'Nova Bandeirantes'),
(1418, 13, 'Nova Brasilândia'),
(1419, 13, 'Nova Canaã do Norte'),
(1420, 13, 'Nova Guarita'),
(1421, 13, 'Nova Lacerda'),
(1422, 13, 'Nova Marilândia'),
(1423, 13, 'Nova Maringá'),
(1424, 13, 'Nova Monte verde'),
(1425, 13, 'Nova Mutum'),
(1426, 13, 'Nova Olímpia'),
(1427, 13, 'Nova Santa Helena'),
(1428, 13, 'Nova Ubiratã'),
(1429, 13, 'Nova Xavantina'),
(1430, 13, 'Novo Horizonte do Norte'),
(1431, 13, 'Novo Mundo'),
(1432, 13, 'Novo Santo Antônio'),
(1433, 13, 'Novo São Joaquim'),
(1434, 13, 'Paranaíta'),
(1435, 13, 'Paranatinga'),
(1436, 13, 'Pedra Preta'),
(1437, 13, 'Peixoto de Azevedo'),
(1438, 13, 'Planalto da Serra'),
(1439, 13, 'Poconé'),
(1440, 13, 'Pontal do Araguaia'),
(1441, 13, 'Ponte Branca'),
(1442, 13, 'Pontes e Lacerda'),
(1443, 13, 'Porto Alegre do Norte'),
(1444, 13, 'Porto dos Gaúchos'),
(1445, 13, 'Porto Esperidião'),
(1446, 13, 'Porto Estrela'),
(1447, 13, 'Poxoréo'),
(1448, 13, 'Primavera do Leste'),
(1449, 13, 'Querência'),
(1450, 13, 'Reserva do Cabaçal'),
(1451, 13, 'Ribeirão Cascalheira'),
(1452, 13, 'Ribeirãozinho'),
(1453, 13, 'Rio Branco'),
(1454, 13, 'Rondolândia'),
(1455, 13, 'Rondonópolis'),
(1456, 13, 'Rosário Oeste'),
(1457, 13, 'Salto do Céu'),
(1458, 13, 'Santa Carmem'),
(1459, 13, 'Santa Cruz do Xingu'),
(1460, 13, 'Santa Rita do Trivelato'),
(1461, 13, 'Santa Terezinha'),
(1462, 13, 'Santo Afonso'),
(1463, 13, 'Santo Antônio do Leste'),
(1464, 13, 'Santo Antônio do Leverger'),
(1465, 13, 'São Félix do Araguaia'),
(1466, 13, 'São José do Povo'),
(1467, 13, 'São José do Rio Claro'),
(1468, 13, 'São José do Xingu'),
(1469, 13, 'São José dos Quatro Marcos'),
(1470, 13, 'São Pedro da Cipa'),
(1471, 13, 'Sapezal'),
(1472, 13, 'Serra Nova Dourada'),
(1473, 13, 'Sinop'),
(1474, 13, 'Sorriso'),
(1475, 13, 'Tabaporã'),
(1476, 13, 'Tangará da Serra'),
(1477, 13, 'Tapurah'),
(1478, 13, 'Terra Nova do Norte'),
(1479, 13, 'Tesouro'),
(1480, 13, 'Torixoréu'),
(1481, 13, 'União do Sul'),
(1482, 13, 'Vale de São Domingos'),
(1483, 13, 'Várzea Grande'),
(1484, 13, 'Vera'),
(1485, 13, 'Vila Bela da Santíssima Trindade'),
(1486, 13, 'Vila Rica'),
(1487, 12, 'Água Clara'),
(1488, 12, 'Alcinópolis'),
(1489, 12, 'Amambaí'),
(1490, 12, 'Anastácio'),
(1491, 12, 'Anaurilândia'),
(1492, 12, 'Angélica'),
(1493, 12, 'Antônio João'),
(1494, 12, 'Aparecida do Taboado'),
(1495, 12, 'Aquidauana'),
(1496, 12, 'Aral Moreira'),
(1497, 12, 'Bandeirantes'),
(1498, 12, 'Bataguassu'),
(1499, 12, 'Bataiporã'),
(1500, 12, 'Bela Vista'),
(1501, 12, 'Bodoquena'),
(1502, 12, 'Bonito'),
(1503, 12, 'Brasilândia'),
(1504, 12, 'Caarapó'),
(1505, 12, 'Camapuã'),
(1506, 12, 'Campo Grande'),
(1507, 12, 'Caracol'),
(1508, 12, 'Cassilândia'),
(1509, 12, 'Chapadão do Sul'),
(1510, 12, 'Corguinho'),
(1511, 12, 'Coronel Sapucaia'),
(1512, 12, 'Corumbá'),
(1513, 12, 'Costa Rica'),
(1514, 12, 'Coxim'),
(1515, 12, 'Deodápolis'),
(1516, 12, 'Dois Irmãos do Buriti'),
(1517, 12, 'Douradina'),
(1518, 12, 'Dourados'),
(1519, 12, 'Eldorado'),
(1520, 12, 'Fátima do Sul'),
(1521, 12, 'Figueirão'),
(1522, 12, 'Glória de Dourados'),
(1523, 12, 'Guia Lopes da Laguna'),
(1524, 12, 'Iguatemi'),
(1525, 12, 'Inocência'),
(1526, 12, 'Itaporã'),
(1527, 12, 'Itaquiraí'),
(1528, 12, 'Ivinhema'),
(1529, 12, 'Japorã'),
(1530, 12, 'Jaraguari'),
(1531, 12, 'Jardim'),
(1532, 12, 'Jateí'),
(1533, 12, 'Juti'),
(1534, 12, 'Ladário'),
(1535, 12, 'Laguna Carapã'),
(1536, 12, 'Maracaju'),
(1537, 12, 'Miranda'),
(1538, 12, 'Mundo Novo'),
(1539, 12, 'Naviraí'),
(1540, 12, 'Nioaque'),
(1541, 12, 'Nova Alvorada do Sul'),
(1542, 12, 'Nova Andradina'),
(1543, 12, 'Novo Horizonte do Sul'),
(1544, 12, 'Paranaíba'),
(1545, 12, 'Paranhos'),
(1546, 12, 'Pedro Gomes'),
(1547, 12, 'Ponta Porã'),
(1548, 12, 'Porto Murtinho'),
(1549, 12, 'Ribas do Rio Pardo'),
(1550, 12, 'Rio Brilhante'),
(1551, 12, 'Rio Negro'),
(1552, 12, 'Rio Verde de Mato Grosso'),
(1553, 12, 'Rochedo'),
(1554, 12, 'Santa Rita do Pardo'),
(1555, 12, 'São Gabriel do Oeste'),
(1556, 12, 'Selvíria'),
(1557, 12, 'Sete Quedas'),
(1558, 12, 'Sidrolândia'),
(1559, 12, 'Sonora'),
(1560, 12, 'Tacuru'),
(1561, 12, 'Taquarussu'),
(1562, 12, 'Terenos'),
(1563, 12, 'Três Lagoas'),
(1564, 12, 'Vicentina'),
(1565, 11, 'Abadia dos Dourados'),
(1566, 11, 'Abaeté'),
(1567, 11, 'Abre Campo'),
(1568, 11, 'Acaiaca'),
(1569, 11, 'Açucena'),
(1570, 11, 'Água Boa'),
(1571, 11, 'Água Comprida'),
(1572, 11, 'Aguanil'),
(1573, 11, 'Águas Formosas'),
(1574, 11, 'Águas Vermelhas'),
(1575, 11, 'Aimorés'),
(1576, 11, 'Aiuruoca'),
(1577, 11, 'Alagoa'),
(1578, 11, 'Albertina'),
(1579, 11, 'Além Paraíba'),
(1580, 11, 'Alfenas'),
(1581, 11, 'Alfredo Vasconcelos'),
(1582, 11, 'Almenara'),
(1583, 11, 'Alpercata'),
(1584, 11, 'Alpinópolis'),
(1585, 11, 'Alterosa'),
(1586, 11, 'Alto Caparaó'),
(1587, 11, 'Alto Jequitibá'),
(1588, 11, 'Alto Rio Doce'),
(1589, 11, 'Alvarenga'),
(1590, 11, 'Alvinópolis'),
(1591, 11, 'Alvorada de Minas'),
(1592, 11, 'Amparo do Serra'),
(1593, 11, 'Andradas'),
(1594, 11, 'Andrelândia'),
(1595, 11, 'Angelândia'),
(1596, 11, 'Antônio Carlos'),
(1597, 11, 'Antônio Dias'),
(1598, 11, 'Antônio Prado de Minas'),
(1599, 11, 'Araçaí'),
(1600, 11, 'Aracitaba'),
(1601, 11, 'Araçuaí'),
(1602, 11, 'Araguari'),
(1603, 11, 'Arantina'),
(1604, 11, 'Araponga'),
(1605, 11, 'Araporã'),
(1606, 11, 'Arapuá'),
(1607, 11, 'Araújos'),
(1608, 11, 'Araxá'),
(1609, 11, 'Arceburgo'),
(1610, 11, 'Arcos'),
(1611, 11, 'Areado'),
(1612, 11, 'Argirita'),
(1613, 11, 'Aricanduva'),
(1614, 11, 'Arinos'),
(1615, 11, 'Astolfo Dutra'),
(1616, 11, 'Ataléia'),
(1617, 11, 'Augusto de Lima'),
(1618, 11, 'Baependi'),
(1619, 11, 'Baldim'),
(1620, 11, 'Bambuí'),
(1621, 11, 'Bandeira'),
(1622, 11, 'Bandeira do Sul'),
(1623, 11, 'Barão de Cocais'),
(1624, 11, 'Barão de Monte Alto'),
(1625, 11, 'Barbacena'),
(1626, 11, 'Barra Longa'),
(1627, 11, 'Barroso'),
(1628, 11, 'Bela Vista de Minas'),
(1629, 11, 'Belmiro Braga'),
(1630, 11, 'Belo Horizonte'),
(1631, 11, 'Belo Oriente'),
(1632, 11, 'Belo Vale'),
(1633, 11, 'Berilo'),
(1634, 11, 'Berizal'),
(1635, 11, 'Bertópolis'),
(1636, 11, 'Betim'),
(1637, 11, 'Bias Fortes'),
(1638, 11, 'Bicas'),
(1639, 11, 'Biquinhas'),
(1640, 11, 'Boa Esperança'),
(1641, 11, 'Bocaina de Minas'),
(1642, 11, 'Bocaiúva'),
(1643, 11, 'Bom Despacho'),
(1644, 11, 'Bom Jardim de Minas'),
(1645, 11, 'Bom Jesus da Penha'),
(1646, 11, 'Bom Jesus do Amparo'),
(1647, 11, 'Bom Jesus do Galho'),
(1648, 11, 'Bom Repouso'),
(1649, 11, 'Bom Sucesso'),
(1650, 11, 'Bonfim'),
(1651, 11, 'Bonfinópolis de Minas'),
(1652, 11, 'Bonito de Minas'),
(1653, 11, 'Borda da Mata'),
(1654, 11, 'Botelhos'),
(1655, 11, 'Botumirim'),
(1656, 11, 'Brás Pires'),
(1657, 11, 'Brasilândia de Minas'),
(1658, 11, 'Brasília de Minas'),
(1659, 11, 'Brasópolis'),
(1660, 11, 'Braúnas'),
(1661, 11, 'Brumadinho'),
(1662, 11, 'Bueno Brandão'),
(1663, 11, 'Buenópolis'),
(1664, 11, 'Bugre'),
(1665, 11, 'Buritis'),
(1666, 11, 'Buritizeiro'),
(1667, 11, 'Cabeceira Grande'),
(1668, 11, 'Cabo Verde'),
(1669, 11, 'Cachoeira da Prata'),
(1670, 11, 'Cachoeira de Minas'),
(1671, 11, 'Cachoeira de Pajeú'),
(1672, 11, 'Cachoeira Dourada'),
(1673, 11, 'Caetanópolis'),
(1674, 11, 'Caeté'),
(1675, 11, 'Caiana'),
(1676, 11, 'Cajuri'),
(1677, 11, 'Caldas'),
(1678, 11, 'Camacho'),
(1679, 11, 'Camanducaia'),
(1680, 11, 'Cambuí'),
(1681, 11, 'Cambuquira'),
(1682, 11, 'Campanário'),
(1683, 11, 'Campanha'),
(1684, 11, 'Campestre'),
(1685, 11, 'Campina Verde'),
(1686, 11, 'Campo Azul'),
(1687, 11, 'Campo Belo'),
(1688, 11, 'Campo do Meio'),
(1689, 11, 'Campo Florido'),
(1690, 11, 'Campos Altos'),
(1691, 11, 'Campos Gerais'),
(1692, 11, 'Cana Verde'),
(1693, 11, 'Canaã'),
(1694, 11, 'Canápolis'),
(1695, 11, 'Candeias'),
(1696, 11, 'Cantagalo'),
(1697, 11, 'Caparaó'),
(1698, 11, 'Capela Nova'),
(1699, 11, 'Capelinha'),
(1700, 11, 'Capetinga'),
(1701, 11, 'Capim Branco'),
(1702, 11, 'Capinópolis'),
(1703, 11, 'Capitão Andrade'),
(1704, 11, 'Capitão Enéas'),
(1705, 11, 'Capitólio'),
(1706, 11, 'Caputira'),
(1707, 11, 'Caraí'),
(1708, 11, 'Caranaíba'),
(1709, 11, 'Carandaí'),
(1710, 11, 'Carangola'),
(1711, 11, 'Caratinga'),
(1712, 11, 'Carbonita'),
(1713, 11, 'Careaçu'),
(1714, 11, 'Carlos Chagas'),
(1715, 11, 'Carmésia'),
(1716, 11, 'Carmo da Cachoeira'),
(1717, 11, 'Carmo da Mata'),
(1718, 11, 'Carmo de Minas'),
(1719, 11, 'Carmo do Cajuru'),
(1720, 11, 'Carmo do Paranaíba'),
(1721, 11, 'Carmo do Rio Claro'),
(1722, 11, 'Carmópolis de Minas'),
(1723, 11, 'Carneirinho'),
(1724, 11, 'Carrancas'),
(1725, 11, 'Carvalhópolis'),
(1726, 11, 'Carvalhos'),
(1727, 11, 'Casa Grande'),
(1728, 11, 'Cascalho Rico'),
(1729, 11, 'Cássia'),
(1730, 11, 'Cataguases'),
(1731, 11, 'Catas Altas'),
(1732, 11, 'Catas Altas da Noruega'),
(1733, 11, 'Catuji'),
(1734, 11, 'Catuti'),
(1735, 11, 'Caxambu'),
(1736, 11, 'Cedro do Abaeté'),
(1737, 11, 'Central de Minas'),
(1738, 11, 'Centralina'),
(1739, 11, 'Chácara'),
(1740, 11, 'Chalé'),
(1741, 11, 'Chapada do Norte'),
(1742, 11, 'Chapada Gaúcha'),
(1743, 11, 'Chiador'),
(1744, 11, 'Cipotânea'),
(1745, 11, 'Claraval'),
(1746, 11, 'Claro dos Poções'),
(1747, 11, 'Cláudio'),
(1748, 11, 'Coimbra'),
(1749, 11, 'Coluna'),
(1750, 11, 'Comendador Gomes'),
(1751, 11, 'Comercinho'),
(1752, 11, 'Conceição da Aparecida'),
(1753, 11, 'Conceição da Barra de Minas'),
(1754, 11, 'Conceição das Alagoas'),
(1755, 11, 'Conceição das Pedras'),
(1756, 11, 'Conceição de Ipanema'),
(1757, 11, 'Conceição do Mato Dentro'),
(1758, 11, 'Conceição do Pará'),
(1759, 11, 'Conceição do Rio Verde'),
(1760, 11, 'Conceição dos Ouros'),
(1761, 11, 'Cônego Marinho'),
(1762, 11, 'Confins'),
(1763, 11, 'Congonhal'),
(1764, 11, 'Congonhas'),
(1765, 11, 'Congonhas do Norte'),
(1766, 11, 'Conquista'),
(1767, 11, 'Conselheiro Lafaiete'),
(1768, 11, 'Conselheiro Pena'),
(1769, 11, 'Consolação'),
(1770, 11, 'Contagem'),
(1771, 11, 'Coqueiral'),
(1772, 11, 'Coração de Jesus'),
(1773, 11, 'Cordisburgo'),
(1774, 11, 'Cordislândia'),
(1775, 11, 'Corinto'),
(1776, 11, 'Coroaci'),
(1777, 11, 'Coromandel'),
(1778, 11, 'Coronel Fabriciano'),
(1779, 11, 'Coronel Murta'),
(1780, 11, 'Coronel Pacheco'),
(1781, 11, 'Coronel Xavier Chaves'),
(1782, 11, 'Córrego Danta'),
(1783, 11, 'Córrego do Bom Jesus'),
(1784, 11, 'Córrego Fundo'),
(1785, 11, 'Córrego Novo'),
(1786, 11, 'Couto de Magalhães de Minas'),
(1787, 11, 'Crisólita'),
(1788, 11, 'Cristais'),
(1789, 11, 'Cristália'),
(1790, 11, 'Cristiano Otoni'),
(1791, 11, 'Cristina'),
(1792, 11, 'Crucilândia'),
(1793, 11, 'Cruzeiro da Fortaleza'),
(1794, 11, 'Cruzília'),
(1795, 11, 'Cuparaque'),
(1796, 11, 'Curral de Dentro'),
(1797, 11, 'Curvelo'),
(1798, 11, 'Datas'),
(1799, 11, 'Delfim Moreira'),
(1800, 11, 'Delfinópolis'),
(1801, 11, 'Delta'),
(1802, 11, 'Descoberto'),
(1803, 11, 'Desterro de Entre Rios'),
(1804, 11, 'Desterro do Melo'),
(1805, 11, 'Diamantina'),
(1806, 11, 'Diogo de Vasconcelos'),
(1807, 11, 'Dionísio'),
(1808, 11, 'Divinésia'),
(1809, 11, 'Divino'),
(1810, 11, 'Divino das Laranjeiras'),
(1811, 11, 'Divinolândia de Minas'),
(1812, 11, 'Divinópolis'),
(1813, 11, 'Divisa Alegre'),
(1814, 11, 'Divisa Nova'),
(1815, 11, 'Divisópolis'),
(1816, 11, 'Dom Bosco'),
(1817, 11, 'Dom Cavati'),
(1818, 11, 'Dom Joaquim'),
(1819, 11, 'Dom Silvério'),
(1820, 11, 'Dom Viçoso'),
(1821, 11, 'Dona Eusébia'),
(1822, 11, 'Dores de Campos'),
(1823, 11, 'Dores de Guanhães'),
(1824, 11, 'Dores do Indaiá'),
(1825, 11, 'Dores do Turvo'),
(1826, 11, 'Doresópolis'),
(1827, 11, 'Douradoquara'),
(1828, 11, 'Durandé'),
(1829, 11, 'Elói Mendes'),
(1830, 11, 'Engenheiro Caldas'),
(1831, 11, 'Engenheiro Navarro'),
(1832, 11, 'Entre Folhas'),
(1833, 11, 'Entre Rios de Minas'),
(1834, 11, 'Ervália'),
(1835, 11, 'Esmeraldas'),
(1836, 11, 'Espera Feliz'),
(1837, 11, 'Espinosa'),
(1838, 11, 'Espírito Santo do Dourado'),
(1839, 11, 'Estiva'),
(1840, 11, 'Estrela Dalva'),
(1841, 11, 'Estrela do Indaiá'),
(1842, 11, 'Estrela do Sul'),
(1843, 11, 'Eugenópolis'),
(1844, 11, 'Ewbank da Câmara'),
(1845, 11, 'Extrema'),
(1846, 11, 'Fama'),
(1847, 11, 'Faria Lemos'),
(1848, 11, 'Felício dos Santos'),
(1849, 11, 'Felisburgo'),
(1850, 11, 'Felixlândia'),
(1851, 11, 'Fernandes Tourinho'),
(1852, 11, 'Ferros'),
(1853, 11, 'Fervedouro'),
(1854, 11, 'Florestal'),
(1855, 11, 'Formiga'),
(1856, 11, 'Formoso'),
(1857, 11, 'Fortaleza de Minas'),
(1858, 11, 'Fortuna de Minas'),
(1859, 11, 'Francisco Badaró'),
(1860, 11, 'Francisco Dumont'),
(1861, 11, 'Francisco Sá'),
(1862, 11, 'Franciscópolis'),
(1863, 11, 'Frei Gaspar'),
(1864, 11, 'Frei Inocêncio'),
(1865, 11, 'Frei Lagonegro'),
(1866, 11, 'Fronteira'),
(1867, 11, 'Fronteira dos Vales'),
(1868, 11, 'Fruta de Leite'),
(1869, 11, 'Frutal'),
(1870, 11, 'Funilândia'),
(1871, 11, 'Galiléia'),
(1872, 11, 'Gameleiras'),
(1873, 11, 'Glaucilândia'),
(1874, 11, 'Goiabeira'),
(1875, 11, 'Goianá'),
(1876, 11, 'Gonçalves'),
(1877, 11, 'Gonzaga'),
(1878, 11, 'Gouveia'),
(1879, 11, 'Governador Valadares'),
(1880, 11, 'Grão Mogol'),
(1881, 11, 'Grupiara'),
(1882, 11, 'Guanhães'),
(1883, 11, 'Guapé'),
(1884, 11, 'Guaraciaba'),
(1885, 11, 'Guaraciama'),
(1886, 11, 'Guaranésia'),
(1887, 11, 'Guarani'),
(1888, 11, 'Guarará'),
(1889, 11, 'Guarda-Mor'),
(1890, 11, 'Guaxupé'),
(1891, 11, 'Guidoval'),
(1892, 11, 'Guimarânia'),
(1893, 11, 'Guiricema'),
(1894, 11, 'Gurinhatã'),
(1895, 11, 'Heliodora'),
(1896, 11, 'Iapu'),
(1897, 11, 'Ibertioga'),
(1898, 11, 'Ibiá'),
(1899, 11, 'Ibiaí'),
(1900, 11, 'Ibiracatu'),
(1901, 11, 'Ibiraci'),
(1902, 11, 'Ibirité'),
(1903, 11, 'Ibitiúra de Minas'),
(1904, 11, 'Ibituruna'),
(1905, 11, 'Icaraí de Minas'),
(1906, 11, 'Igarapé'),
(1907, 11, 'Igaratinga'),
(1908, 11, 'Iguatama'),
(1909, 11, 'Ijaci'),
(1910, 11, 'Ilicínea'),
(1911, 11, 'Imbé de Minas'),
(1912, 11, 'Inconfidentes'),
(1913, 11, 'Indaiabira'),
(1914, 11, 'Indianópolis'),
(1915, 11, 'Ingaí'),
(1916, 11, 'Inhapim'),
(1917, 11, 'Inhaúma'),
(1918, 11, 'Inimutaba'),
(1919, 11, 'Ipaba'),
(1920, 11, 'Ipanema'),
(1921, 11, 'Ipatinga'),
(1922, 11, 'Ipiaçu'),
(1923, 11, 'Ipuiúna'),
(1924, 11, 'Iraí de Minas'),
(1925, 11, 'Itabira'),
(1926, 11, 'Itabirinha de Mantena'),
(1927, 11, 'Itabirito'),
(1928, 11, 'Itacambira'),
(1929, 11, 'Itacarambi'),
(1930, 11, 'Itaguara'),
(1931, 11, 'Itaipé'),
(1932, 11, 'Itajubá'),
(1933, 11, 'Itamarandiba'),
(1934, 11, 'Itamarati de Minas'),
(1935, 11, 'Itambacuri'),
(1936, 11, 'Itambé do Mato Dentro'),
(1937, 11, 'Itamogi'),
(1938, 11, 'Itamonte'),
(1939, 11, 'Itanhandu'),
(1940, 11, 'Itanhomi'),
(1941, 11, 'Itaobim'),
(1942, 11, 'Itapagipe'),
(1943, 11, 'Itapecerica'),
(1944, 11, 'Itapeva'),
(1945, 11, 'Itatiaiuçu'),
(1946, 11, 'Itaú de Minas'),
(1947, 11, 'Itaúna'),
(1948, 11, 'Itaverava'),
(1949, 11, 'Itinga'),
(1950, 11, 'Itueta'),
(1951, 11, 'Ituiutaba'),
(1952, 11, 'Itumirim'),
(1953, 11, 'Iturama'),
(1954, 11, 'Itutinga'),
(1955, 11, 'Jaboticatubas'),
(1956, 11, 'Jacinto'),
(1957, 11, 'Jacuí'),
(1958, 11, 'Jacutinga'),
(1959, 11, 'Jaguaraçu'),
(1960, 11, 'Jaíba'),
(1961, 11, 'Jampruca'),
(1962, 11, 'Janaúba'),
(1963, 11, 'Januária'),
(1964, 11, 'Japaraíba'),
(1965, 11, 'Japonvar'),
(1966, 11, 'Jeceaba'),
(1967, 11, 'Jenipapo de Minas'),
(1968, 11, 'Jequeri'),
(1969, 11, 'Jequitaí'),
(1970, 11, 'Jequitibá'),
(1971, 11, 'Jequitinhonha'),
(1972, 11, 'Jesuânia'),
(1973, 11, 'Joaíma'),
(1974, 11, 'Joanésia'),
(1975, 11, 'João Monlevade'),
(1976, 11, 'João Pinheiro'),
(1977, 11, 'Joaquim Felício'),
(1978, 11, 'Jordânia'),
(1979, 11, 'José Gonçalves de Minas'),
(1980, 11, 'José Raydan'),
(1981, 11, 'Josenópolis'),
(1982, 11, 'Juatuba'),
(1983, 11, 'Juiz de Fora'),
(1984, 11, 'Juramento'),
(1985, 11, 'Juruaia'),
(1986, 11, 'Juvenília'),
(1987, 11, 'Ladainha'),
(1988, 11, 'Lagamar'),
(1989, 11, 'Lagoa da Prata'),
(1990, 11, 'Lagoa dos Patos'),
(1991, 11, 'Lagoa Dourada'),
(1992, 11, 'Lagoa Formosa'),
(1993, 11, 'Lagoa Grande'),
(1994, 11, 'Lagoa Santa'),
(1995, 11, 'Lajinha'),
(1996, 11, 'Lambari'),
(1997, 11, 'Lamim'),
(1998, 11, 'Laranjal'),
(1999, 11, 'Lassance'),
(2000, 11, 'Lavras'),
(2001, 11, 'Leandro Ferreira'),
(2002, 11, 'Leme do Prado'),
(2003, 11, 'Leopoldina'),
(2004, 11, 'Liberdade'),
(2005, 11, 'Lima Duarte'),
(2006, 11, 'Limeira do Oeste'),
(2007, 11, 'Lontra'),
(2008, 11, 'Luisburgo'),
(2009, 11, 'Luislândia'),
(2010, 11, 'Luminárias'),
(2011, 11, 'Luz'),
(2012, 11, 'Machacalis'),
(2013, 11, 'Machado'),
(2014, 11, 'Madre de Deus de Minas'),
(2015, 11, 'Malacacheta'),
(2016, 11, 'Mamonas'),
(2017, 11, 'Manga'),
(2018, 11, 'Manhuaçu'),
(2019, 11, 'Manhumirim'),
(2020, 11, 'Mantena'),
(2021, 11, 'Mar de Espanha'),
(2022, 11, 'Maravilhas'),
(2023, 11, 'Maria da Fé'),
(2024, 11, 'Mariana'),
(2025, 11, 'Marilac'),
(2026, 11, 'Mário Campos'),
(2027, 11, 'Maripá de Minas'),
(2028, 11, 'Marliéria'),
(2029, 11, 'Marmelópolis'),
(2030, 11, 'Martinho Campos'),
(2031, 11, 'Martins Soares'),
(2032, 11, 'Mata Verde'),
(2033, 11, 'Materlândia'),
(2034, 11, 'Mateus Leme'),
(2035, 11, 'Mathias Lobato'),
(2036, 11, 'Matias Barbosa'),
(2037, 11, 'Matias Cardoso'),
(2038, 11, 'Matipó'),
(2039, 11, 'Mato Verde'),
(2040, 11, 'Matozinhos'),
(2041, 11, 'Matutina'),
(2042, 11, 'Medeiros'),
(2043, 11, 'Medina'),
(2044, 11, 'Mendes Pimentel'),
(2045, 11, 'Mercês'),
(2046, 11, 'Mesquita'),
(2047, 11, 'Minas Novas'),
(2048, 11, 'Minduri'),
(2049, 11, 'Mirabela'),
(2050, 11, 'Miradouro'),
(2051, 11, 'Miraí'),
(2052, 11, 'Miravânia'),
(2053, 11, 'Moeda'),
(2054, 11, 'Moema'),
(2055, 11, 'Monjolos'),
(2056, 11, 'Monsenhor Paulo'),
(2057, 11, 'Montalvânia'),
(2058, 11, 'Monte Alegre de Minas'),
(2059, 11, 'Monte Azul'),
(2060, 11, 'Monte Belo'),
(2061, 11, 'Monte Carmelo'),
(2062, 11, 'Monte Formoso'),
(2063, 11, 'Monte Santo de Minas'),
(2064, 11, 'Monte Sião'),
(2065, 11, 'Montes Claros'),
(2066, 11, 'Montezuma'),
(2067, 11, 'Morada Nova de Minas');

-- --------------------------------------------------------

--
-- Estrutura da tabela `dados`
--

CREATE TABLE `dados` (
  `IDP` int(11) NOT NULL,
  `CPF` varchar(100) NOT NULL,
  `nome` varchar(100) NOT NULL,
  `data_nascimento` varchar(100) NOT NULL,
  `genero` int(11) NOT NULL,
  `email` varchar(100) NOT NULL,
  `estado_civil` int(11) NOT NULL,
  `senha` varchar(100) NOT NULL
) ENGINE=InnoDB DEFAULT CHARSET=utf8mb4;

--
-- Extraindo dados da tabela `dados`
--

INSERT INTO `dados` (`IDP`, `CPF`, `nome`, `data_nascimento`, `genero`, `email`, `estado_civil`, `senha`) VALUES
(29, '405.276.478-10', 'stela dos santos', '2022-11-01', 2, 'stelamontenegro3@gmail.com', 1, '4');

-- --------------------------------------------------------

--
-- Estrutura da tabela `deficiencia_adicionais`
--

CREATE TABLE `deficiencia_adicionais` (
  `IDA` int(11) NOT NULL,
  `adicional` varchar(100) NOT NULL
) ENGINE=InnoDB DEFAULT CHARSET=utf8mb4;

--
-- Extraindo dados da tabela `deficiencia_adicionais`
--

INSERT INTO `deficiencia_adicionais` (`IDA`, `adicional`) VALUES
(1, 'Necessita de aparelho ou acessório \n'),
(2, 'Necessita de recursos especiais \n'),
(3, 'Utiliza transporte coletivo \n'),
(4, 'Possui veículo próprio adaptado \n'),
(5, 'Necessita de acompanhante/assistência ');

-- --------------------------------------------------------

--
-- Estrutura da tabela `deficiencia_categoria`
--

CREATE TABLE `deficiencia_categoria` (
  `IDCD` int(11) NOT NULL,
  `categoria` varchar(100) NOT NULL
) ENGINE=InnoDB DEFAULT CHARSET=utf8mb4;

--
-- Extraindo dados da tabela `deficiencia_categoria`
--

INSERT INTO `deficiencia_categoria` (`IDCD`, `categoria`) VALUES
(1, 'Física'),
(2, 'Visual'),
(3, 'Auditiva'),
(4, 'Mental'),
(5, 'Intelectual');

-- --------------------------------------------------------

--
-- Estrutura da tabela `deficiencia_usuario`
--

CREATE TABLE `deficiencia_usuario` (
  `IDDU` int(11) NOT NULL,
  `IDP` int(11) NOT NULL,
  `IDD` int(11) NOT NULL,
  `IDA` int(11) NOT NULL,
  `observacoes` varchar(100) NOT NULL
) ENGINE=InnoDB DEFAULT CHARSET=utf8mb4;

-- --------------------------------------------------------

--
-- Estrutura da tabela `endereco`
--

CREATE TABLE `endereco` (
  `IDP` int(11) NOT NULL,
  `CEP` varchar(100) NOT NULL,
  `endereco` varchar(100) NOT NULL,
  `numero_complemento` varchar(100) NOT NULL,
  `bairro` varchar(100) NOT NULL,
  `cidade` int(11) NOT NULL,
  `estado` int(11) NOT NULL
) ENGINE=InnoDB DEFAULT CHARSET=utf8mb4;

-- --------------------------------------------------------

--
-- Estrutura da tabela `estado`
--

CREATE TABLE `estado` (
  `IDE` int(11) NOT NULL,
  `estado` varchar(100) NOT NULL
) ENGINE=InnoDB DEFAULT CHARSET=utf8mb4;

--
-- Extraindo dados da tabela `estado`
--

INSERT INTO `estado` (`IDE`, `estado`) VALUES
(1, 'Acre'),
(2, 'Alagoas'),
(3, 'Amazonas'),
(4, 'Amapá'),
(5, 'Bahia'),
(6, 'Ceará'),
(7, 'Distrito Federal'),
(8, 'Espírito Santo'),
(9, 'Goiás'),
(10, 'Maranhão'),
(11, 'Minas Gerais'),
(12, 'Mato Grosso do Sul'),
(13, 'Mato Grosso'),
(14, 'Pará'),
(15, 'Paraíba'),
(16, 'Pernambuco'),
(17, 'Piauí'),
(18, 'Paraná'),
(19, 'Rio de Janeiro'),
(20, 'Rio Grande do Norte'),
(21, 'Rondônia'),
(22, 'Roraima'),
(23, 'Rio Grande do Sul'),
(24, 'Santa Catarina'),
(25, 'Sergipe'),
(26, 'São Paulo'),
(27, 'Tocantins');

-- --------------------------------------------------------

--
-- Estrutura da tabela `estado_civil`
--

CREATE TABLE `estado_civil` (
  `IDEC` int(11) NOT NULL,
  `ecivil` varchar(100) NOT NULL
) ENGINE=InnoDB DEFAULT CHARSET=utf8mb4;

--
-- Extraindo dados da tabela `estado_civil`
--

INSERT INTO `estado_civil` (`IDEC`, `ecivil`) VALUES
(1, 'Solteiro(a)'),
(2, 'Comprometido(a)'),
(3, 'Casado(a)'),
(4, 'Divorciado(a)'),
(5, 'Viúvo(a)'),
(6, 'Outro');

-- --------------------------------------------------------

--
-- Estrutura da tabela `genero`
--

CREATE TABLE `genero` (
  `IDG` int(11) NOT NULL,
  `genero` varchar(100) NOT NULL
) ENGINE=InnoDB DEFAULT CHARSET=utf8mb4;

--
-- Extraindo dados da tabela `genero`
--

INSERT INTO `genero` (`IDG`, `genero`) VALUES
(1, 'Feminino'),
(2, 'Masculino'),
(3, 'Outro');

-- --------------------------------------------------------

--
-- Estrutura da tabela `identidade`
--

CREATE TABLE `identidade` (
  `IDP` int(11) NOT NULL,
  `RG` varchar(100) NOT NULL,
  `data_emissao` date NOT NULL,
  `orgao_emissor` varchar(100) NOT NULL,
  `estado` int(11) NOT NULL,
  `nome_mae` varchar(100) NOT NULL,
  `nome_pai` varchar(100) NOT NULL
) ENGINE=InnoDB DEFAULT CHARSET=utf8mb4;

-- --------------------------------------------------------

--
-- Estrutura da tabela `telefone`
--

CREATE TABLE `telefone` (
  `IDP` int(11) NOT NULL,
  `DDD` varchar(10) NOT NULL,
  `telefone` varchar(100) NOT NULL
) ENGINE=InnoDB DEFAULT CHARSET=utf8mb4;

--
-- Índices para tabelas despejadas
--

--
-- Índices para tabela `cidades`
--
ALTER TABLE `cidades`
  ADD PRIMARY KEY (`IDC`),
  ADD KEY `fk_estadoecidade` (`IDE`);

--
-- Índices para tabela `dados`
--
ALTER TABLE `dados`
  ADD PRIMARY KEY (`IDP`),
  ADD UNIQUE KEY `CPF` (`CPF`),
  ADD UNIQUE KEY `email` (`email`),
  ADD KEY `fk_genero` (`genero`),
  ADD KEY `fk_ecivil` (`estado_civil`);

--
-- Índices para tabela `deficiencia_adicionais`
--
ALTER TABLE `deficiencia_adicionais`
  ADD PRIMARY KEY (`IDA`);

--
-- Índices para tabela `deficiencia_categoria`
--
ALTER TABLE `deficiencia_categoria`
  ADD PRIMARY KEY (`IDCD`);

--
-- Índices para tabela `deficiencia_usuario`
--
ALTER TABLE `deficiencia_usuario`
  ADD PRIMARY KEY (`IDDU`),
  ADD KEY `fk_idp_deficiencia` (`IDP`),
  ADD KEY `fk_def_deficiencia` (`IDD`),
  ADD KEY `fk_def_adicionais` (`IDA`);

--
-- Índices para tabela `endereco`
--
ALTER TABLE `endereco`
  ADD KEY `fk_endereco_estado` (`estado`),
  ADD KEY `fk_endereco_cidade` (`cidade`),
  ADD KEY `fk_idp_endereco` (`IDP`);

--
-- Índices para tabela `estado`
--
ALTER TABLE `estado`
  ADD PRIMARY KEY (`IDE`);

--
-- Índices para tabela `estado_civil`
--
ALTER TABLE `estado_civil`
  ADD PRIMARY KEY (`IDEC`);

--
-- Índices para tabela `genero`
--
ALTER TABLE `genero`
  ADD PRIMARY KEY (`IDG`);

--
-- Índices para tabela `identidade`
--
ALTER TABLE `identidade`
  ADD KEY `fk_idp_identidade` (`IDP`),
  ADD KEY `fk_identidade_estado` (`estado`);

--
-- Índices para tabela `telefone`
--
ALTER TABLE `telefone`
  ADD KEY `fk_idp_telefone` (`IDP`);

--
-- AUTO_INCREMENT de tabelas despejadas
--

--
-- AUTO_INCREMENT de tabela `cidades`
--
ALTER TABLE `cidades`
  MODIFY `IDC` int(11) NOT NULL AUTO_INCREMENT, AUTO_INCREMENT=2068;

--
-- AUTO_INCREMENT de tabela `dados`
--
ALTER TABLE `dados`
  MODIFY `IDP` int(11) NOT NULL AUTO_INCREMENT, AUTO_INCREMENT=30;

--
-- AUTO_INCREMENT de tabela `deficiencia_adicionais`
--
ALTER TABLE `deficiencia_adicionais`
  MODIFY `IDA` int(11) NOT NULL AUTO_INCREMENT, AUTO_INCREMENT=21;

--
-- AUTO_INCREMENT de tabela `deficiencia_categoria`
--
ALTER TABLE `deficiencia_categoria`
  MODIFY `IDCD` int(11) NOT NULL AUTO_INCREMENT, AUTO_INCREMENT=8;

--
-- AUTO_INCREMENT de tabela `deficiencia_usuario`
--
ALTER TABLE `deficiencia_usuario`
  MODIFY `IDDU` int(11) NOT NULL AUTO_INCREMENT, AUTO_INCREMENT=7;

--
-- AUTO_INCREMENT de tabela `estado`
--
ALTER TABLE `estado`
  MODIFY `IDE` int(11) NOT NULL AUTO_INCREMENT, AUTO_INCREMENT=28;

--
-- AUTO_INCREMENT de tabela `estado_civil`
--
ALTER TABLE `estado_civil`
  MODIFY `IDEC` int(11) NOT NULL AUTO_INCREMENT, AUTO_INCREMENT=7;

--
-- AUTO_INCREMENT de tabela `genero`
--
ALTER TABLE `genero`
  MODIFY `IDG` int(11) NOT NULL AUTO_INCREMENT, AUTO_INCREMENT=4;

--
-- Restrições para despejos de tabelas
--

--
-- Limitadores para a tabela `cidades`
--
ALTER TABLE `cidades`
  ADD CONSTRAINT `fk_estadoecidade` FOREIGN KEY (`IDE`) REFERENCES `estado` (`IDE`) ON DELETE CASCADE ON UPDATE CASCADE;

--
-- Limitadores para a tabela `dados`
--
ALTER TABLE `dados`
  ADD CONSTRAINT `fk_ecivil` FOREIGN KEY (`estado_civil`) REFERENCES `estado_civil` (`IDEC`) ON DELETE CASCADE ON UPDATE CASCADE,
  ADD CONSTRAINT `fk_genero` FOREIGN KEY (`genero`) REFERENCES `genero` (`IDG`) ON DELETE CASCADE ON UPDATE CASCADE;

--
-- Limitadores para a tabela `deficiencia_usuario`
--
ALTER TABLE `deficiencia_usuario`
  ADD CONSTRAINT `fk_categoria_deficiencia` FOREIGN KEY (`IDD`) REFERENCES `deficiencia_categoria` (`IDCD`),
  ADD CONSTRAINT `fk_def_adicionais` FOREIGN KEY (`IDA`) REFERENCES `deficiencia_adicionais` (`IDA`) ON DELETE CASCADE ON UPDATE CASCADE,
  ADD CONSTRAINT `fk_idp_deficiencia` FOREIGN KEY (`IDP`) REFERENCES `dados` (`IDP`) ON DELETE CASCADE ON UPDATE CASCADE;

--
-- Limitadores para a tabela `endereco`
--
ALTER TABLE `endereco`
  ADD CONSTRAINT `fk_endereco_cidade` FOREIGN KEY (`cidade`) REFERENCES `cidades` (`IDC`) ON DELETE CASCADE ON UPDATE CASCADE,
  ADD CONSTRAINT `fk_endereco_estado` FOREIGN KEY (`estado`) REFERENCES `estado` (`IDE`) ON DELETE CASCADE ON UPDATE CASCADE,
  ADD CONSTRAINT `fk_idp_endereco` FOREIGN KEY (`IDP`) REFERENCES `dados` (`IDP`) ON DELETE CASCADE ON UPDATE CASCADE;

--
-- Limitadores para a tabela `identidade`
--
ALTER TABLE `identidade`
  ADD CONSTRAINT `fk_identidade_estado` FOREIGN KEY (`estado`) REFERENCES `estado` (`IDE`) ON DELETE CASCADE ON UPDATE CASCADE,
  ADD CONSTRAINT `fk_idp_identidade` FOREIGN KEY (`IDP`) REFERENCES `dados` (`IDP`) ON DELETE CASCADE ON UPDATE CASCADE;

--
-- Limitadores para a tabela `telefone`
--
ALTER TABLE `telefone`
  ADD CONSTRAINT `fk_idp_telefone` FOREIGN KEY (`IDP`) REFERENCES `dados` (`IDP`) ON DELETE CASCADE ON UPDATE CASCADE;
COMMIT;

/*!40101 SET CHARACTER_SET_CLIENT=@OLD_CHARACTER_SET_CLIENT */;
/*!40101 SET CHARACTER_SET_RESULTS=@OLD_CHARACTER_SET_RESULTS */;
/*!40101 SET COLLATION_CONNECTION=@OLD_COLLATION_CONNECTION */;
